,Timestamp,High,Low,Open,Close,Volume
0,1577836800,606.19233129956,601.7405948043777,604.3453274779305,605.529296875,3673698.0
1,1577923200,609.981083868637,605.7187936863252,605.7187936863252,609.3890991210938,6137166.0
2,1578009600,608.5603376104458,598.4255468849254,607.2342686142049,600.6987915039062,10855550.0
3,1578268800,597.5731439576414,585.3545548818191,596.720662743602,587.6987915039062,10890186.0
4,1578355200,602.143238298382,593.0503748607391,596.1997455707353,597.0048217773438,14724494.0
5,1578441600,597.7388448014235,587.2725661329978,590.5402756575533,595.4419555664062,11332110.0
6,1578528000,604.2034270944675,598.1888264645892,599.0886549789353,602.11962890625,9546316.0
7,1578614400,609.4602340876271,603.871874164867,608.1341649432716,607.4711303710938,9214580.0
8,1578873600,614.0066076489296,604.2980573544421,607.4710726189669,609.033935546875,7451568.0
9,1578960000,612.1359331976332,605.0084136927392,610.4546733854722,610.6914672851562,7886290.0
10,1579046400,609.9573909159484,603.3982113725496,609.2233645040944,608.2051391601562,11787448.0
11,1579132800,611.4018762888768,605.8845666176381,607.163288419645,609.8153686523438,7150400.0
12,1579219200,608.512940609759,602.3562995656167,607.0211275637845,605.3162231445312,16918814.0
13,1579478400,617.9610470531414,593.1687365718038,617.9610470531414,594.3053588867188,22178450.0
14,1579564800,591.9847425595085,586.4911357107582,591.9847425595085,589.3089599609375,14984804.0
15,1579651200,594.3527073618872,584.5968099426914,591.0612951746068,587.6514282226562,18368310.0
16,1579737600,590.49289085823,582.9865363753064,587.2488262432006,589.5457153320312,11508920.0
17,1579824000,593.8791908549719,586.8227200074896,590.0904878830103,589.40380859375,11831756.0
18,1580083200,584.8810010611223,573.8700834298097,584.8810010611223,574.5567626953125,18888552.0
19,1580169600,581.4710915111248,574.5803662813082,577.2088015490133,579.2925415039062,13412158.0
20,1580256000,588.1960850182678,578.8427253732511,580.2871913795456,585.2835083007812,13788350.0
21,1580342400,586.7515702363573,576.4510357873509,586.7515702363573,580.642333984375,12111984.0
22,1580428800,586.2070634943107,577.8955736075096,583.1997343998446,580.7608032226562,11178268.0
23,1580688000,567.3344998460584,557.744346592457,566.8846145462204,564.8955688476562,13077010.0
24,1580774400,584.4073807174176,567.3582188812532,567.3582188812532,582.4183349609375,20897704.0
25,1580860800,591.0375573266558,581.234313274247,584.8335688880729,589.4510498046875,18020682.0
26,1580947200,591.3690599560683,585.9228002816666,589.4510640616896,587.1541748046875,11827550.0
27,1581033600,590.5640161625739,583.270752115284,590.0904283388669,588.290771484375,6815448.0
28,1581292800,588.6459526743174,580.6423648340666,588.6459526743174,587.3909912109375,9219834.0
29,1581379200,594.3527577254539,586.3254667116565,588.8118029491535,587.5330810546875,11613520.0
30,1581465600,593.3581734383829,589.1669329193304,589.7115126471815,591.5111694335938,6297930.0
31,1581552000,596.6733008644125,584.2179181807978,596.6733008644125,587.9119262695312,9112140.0
32,1581638400,591.2270486728398,575.4092038524705,588.7643573113077,577.4692993164062,14688858.0
33,1581897600,583.9337227869158,575.1486464932532,580.1450206114938,576.4273681640625,10152690.0
34,1581984000,577.06671918566,569.9629023717208,576.3089902877083,574.5803833007812,10529116.0
35,1582070400,582.513019706518,574.8882673522369,578.9611110497709,581.1869506835938,10012268.0
36,1582156800,582.5130422467998,574.9829840409186,582.5130422467998,576.4037475585938,11123414.0
37,1582502400,575.2907615812694,568.3053417555244,572.5439293050475,573.0175170898438,16568084.0
38,1582588800,572.5676393882633,567.3581736866331,570.1997004329769,568.4474487304688,13886680.0
39,1582675200,570.5312258169903,561.5094124980089,567.1214166243225,567.9501953125,13814786.0
40,1582761600,569.489326747266,559.3071890964833,565.9374182644348,568.0448608398438,20655098.0
41,1582848000,561.2016234268023,554.1451526333246,556.7025386820304,557.7207641601562,24313056.0
42,1583107200,568.8500053945262,552.2744321654279,568.4000622917009,558.6441650390625,14664898.0
43,1583193600,561.3673594464186,553.1506216206781,556.4657366475143,559.6861572265625,22369550.0
44,1583280000,558.833632138287,536.6223516377066,558.0522006667385,544.0813598632812,34288870.0
45,1583366400,551.7298050681208,541.1924761730429,546.0467512820113,545.2653198242188,19549708.0
46,1583452800,540.316319210145,521.4201548955959,532.786261814301,537.4747924804688,23053566.0
47,1583712000,529.66068340419,504.371079677857,525.6825337487523,524.4038696289062,34420590.0
48,1583884800,530.4182765706771,517.1578196564101,523.3144603666055,527.4820556640625,35538240.0
49,1583971200,511.4748103132144,475.2216709744296,509.1068713765792,483.6752014160156,59000770.0
50,1584057600,512.1615391176439,435.321942082264,464.1397501718514,506.644287109375,66342364.0
51,1584316800,491.1105876119212,471.219898431882,490.1634119366812,473.3510437011719,31986322.0
52,1584403200,478.32366604285744,452.1342671386415,477.3764904665349,461.7954406738281,42676838.0
53,1584489600,470.2726861593095,409.6534476614327,466.4839837531922,415.2891540527344,61181406.0
54,1584576000,435.6771054777416,376.502303667405,401.1288694418768,424.1215515136719,67220048.0
55,1584662400,433.14340788887984,390.4968305499615,414.38934181029646,418.1069946289063,88637464.0
56,1584921600,397.2217739590976,362.294673119177,376.3128606737428,365.3966674804688,50276954.0
57,1585008000,383.6061226600706,349.86299150015697,376.6207025252112,363.5733642578125,61057272.0
58,1585094400,410.8137639085549,357.6772042489588,364.875744958341,405.7463684082031,47228042.0
59,1585180800,444.0832691361232,398.2873248177175,412.0687177171039,426.74993896484375,57043156.0
60,1585267200,468.21265163955553,413.0159631623789,447.5168562753047,428.3365478515625,55235936.0
61,1585526400,420.0723877005265,392.1307068951928,416.7572730287072,393.85931396484375,39268444.0
62,1585612800,413.7263492087412,396.8666326992353,404.34931521962255,408.1853942871094,35211092.0
63,1585699200,409.1087881673061,388.3419757807446,409.1087881673061,392.912109375,29103504.0
64,1585872000,399.70812797666855,383.6061417785563,399.2345401473123,385.429443359375,34996280.0
65,1586217600,429.6862082218802,400.3474380216403,413.9157401505629,424.3820190429688,60412638.0
66,1586304000,447.5404944115309,410.1744034746511,416.7336121910767,420.9722290039063,56219352.0
67,1586390400,440.86288260703225,421.4931305509712,432.38564965509744,438.0923767089844,44457146.0
68,1586736000,448.3455435442315,419.6934837209829,442.33097313907695,424.02679443359375,34158056.0
69,1586908800,440.6734653560616,399.2345312145728,440.6734653560616,408.8483581542969,57978752.0
70,1586995200,421.8246779187658,405.50957170526016,409.6534651387446,416.6388854980469,53854396.0
71,1587081600,435.7007715050366,420.1907712150475,433.33283252946575,431.1069641113281,55883462.0
72,1587340800,455.0942023120484,442.8045931176812,450.381997919695,447.4694213867188,66232986.0
73,1587427200,442.3310369572448,430.0177532732101,438.0687464512328,436.4822387695313,33178006.0
74,1587513600,441.8574491550055,429.68623603919485,435.29826921581855,439.7736511230469,38289354.0
75,1587600000,453.9339164935277,432.1725508137539,442.8046029436081,452.252685546875,40901222.0
76,1587686400,453.8865835478693,438.54232643857176,441.8574412172651,444.2490539550781,33284568.0
77,1587945600,453.4129741043949,438.684376089416,447.6115235182848,440.2945861816406,27421072.0
78,1588032000,446.9721724701217,436.6479639199274,446.9721724701217,441.0997009277344,29441436.0
79,1588118400,470.1306325655098,442.3783690959177,442.8046096941896,462.7426452636719,55877778.0
80,1588204800,482.5859624256656,469.84643919589695,474.25082880760095,474.4402465820313,43793134.0
81,1588550400,454.64433234019504,434.5168488772176,453.46036272472577,437.12158203125,26722324.0
82,1588636800,447.0668886240501,430.0414012263869,444.2253617895752,431.651611328125,29672858.0
83,1588723200,449.9083956744494,428.9047889754282,435.2271743419148,448.2034912109375,33785846.0
84,1588809600,446.7353767542662,436.3401185119636,445.4093366633235,438.0687255859375,21831730.0
85,1588896000,447.0432564098975,438.1634842299199,446.11975432207817,439.9867858886719,20807484.0
86,1589155200,451.8027919285637,432.8592786401544,443.7517987809897,433.7117309570313,28550784.0
87,1589241600,430.68072450672537,412.542290005838,426.7025757235718,426.9630432128906,49568418.0
88,1589328000,454.6443156871237,436.6953254118562,450.3820252275569,439.3237609863281,44346966.0
89,1589414400,431.4384855168023,421.4931417233304,425.28184412084346,423.2454223632813,39554890.0
90,1589500800,422.6297524883639,414.3893134361181,421.7299241312722,420.6170043945313,24349628.0
91,1589760000,420.5460199885116,393.6935825257109,420.5460199885116,396.227294921875,46649964.0
92,1589846400,410.7426869335507,391.2308640881771,407.68803988874686,393.3857116699219,47460692.0
93,1589932800,409.1798461352874,394.1197603572423,396.1325084429772,405.9120788574219,40014306.0
94,1590019200,418.65164657168174,403.63890640560027,407.9722466625215,407.0724182128906,48478908.0
95,1590105600,412.1634773644346,394.52233092393,402.54965032024086,397.2691345214844,42047432.0
96,1590451200,412.8501610675768,401.9576417620944,405.8647410781913,403.6862487792969,38005152.0
97,1590537600,430.8701586021425,405.93577920464736,407.2381456061135,427.9576110839844,56025754.0
98,1590624000,449.908447265625,432.8356114425941,435.7008120888158,447.6589050292969,75488806.0
99,1590710400,452.2763880759633,437.334697476126,447.0669218258737,450.68988037109375,53025166.0
100,1590969600,471.2198725248056,457.53317320786255,461.7481162931512,467.739013671875,39190230.0
101,1591056000,475.9557219818755,461.84281182759344,467.2890713328586,474.0613708496094,41623594.0
102,1591142400,495.4912603522432,480.9047611690921,483.0595799849826,484.1251525878906,50546088.0
103,1591228800,492.03403078925146,469.3728657021748,486.8719699225512,474.3929138183594,54275882.0
104,1591315200,493.6679200813478,474.9138263975249,475.0558969523371,489.3819274902344,35195984.0
105,1591574400,505.1524398018868,476.6187747745198,502.0030693611453,481.1178588867188,49812664.0
106,1591660800,486.25628719919104,463.9029366352295,483.05956946011673,467.5732421875,61844146.0
107,1591747200,473.51679110565817,463.26363169469056,468.8519624355481,469.7280883789063,36497730.0
108,1591833600,468.0941941542392,457.0122280466569,466.4839840683493,458.7171325683594,30897714.0
109,1591920000,467.2654305596224,439.4894935687484,439.4894935687484,465.4184265136719,42644876.0
110,1592179200,461.2745290522468,446.5933068750192,458.43300217923496,449.8373718261719,32009936.0
111,1592265600,470.7226127919847,450.8555982437357,461.748117949204,469.0413818359375,45399970.0
112,1592352000,473.0668763129085,460.9193373897534,468.37834541840857,463.7608642578125,36957838.0
113,1592438400,485.38015409345786,460.3273475855015,464.1160500347648,483.035888671875,40870126.0
114,1592524800,493.9520611909721,479.34188954345046,482.08869292333486,489.3819274902344,47877752.0
115,1592784000,495.3491168924699,484.8591648764592,492.2707963129874,487.2034301757813,29694474.0
116,1592870400,494.89926945202,481.4256902585646,492.0577425460753,493.62060546875,28830512.0
117,1592956800,500.819126821892,487.8191641011337,496.5568363808547,488.97943115234375,39429246.0
118,1593043200,496.79358275032274,476.9028959290515,483.9593654349899,487.2034301757813,70646790.0
119,1593129600,503.4238924872996,486.84831747595854,493.00495962302807,500.3218688964844,39969138.0
120,1593388800,512.706152486314,491.1105598728169,491.1105598728169,509.6041870117188,46005956.0
121,1593475200,510.7881594897228,500.2508306369776,508.63331181340817,504.7735595703125,35746130.0
122,1593561600,519.0522328366897,502.61875917329024,504.7735489934417,513.6533203125,34846718.0
123,1593648000,526.2745191114437,513.9375320069659,516.3528763862364,515.9266357421875,36954496.0
124,1593734400,518.9575904554594,506.73900077042,517.6315213477282,508.6096496582031,27597254.0
125,1593993600,530.3709544341806,520.9465462623243,524.7115459040901,522.3673095703125,35558216.0
126,1594080000,526.4875858251261,517.65521873679,525.3983684647952,523.3856201171875,24349850.0
127,1594166400,532.7390548952703,523.3146438643766,524.2618196903755,525.8483276367188,30056350.0
128,1594252800,535.0121765882539,524.3801523695173,529.471221809998,532.7626342773438,20114484.0
129,1594339200,530.4183473749359,520.7334997816465,529.4238245358104,523.3618774414062,17562978.0
130,1594598400,527.1032634047384,507.3546736953821,525.6351526699472,511.59326171875,29922114.0
131,1594684800,506.21804642380647,497.26722481493465,503.2344199505109,501.4584655761719,26612674.0
132,1594771200,511.0012670090253,497.3145672016317,506.8336709933505,498.759033203125,20974394.0
133,1594857600,504.60784592235433,489.7371761133544,498.9958415538396,503.2107849121094,23662456.0
134,1594944000,522.8409599731156,501.1980194464601,501.553210316007,520.2125244140625,28405738.0
135,1595203200,545.9993382551166,532.3836902002798,537.5221058170345,536.5986328125,65124096.0
136,1595289600,548.3909875427954,537.0485824919947,545.5968656816383,539.2034301757812,47512422.0
137,1595376000,542.0211661158772,529.2579997017701,539.1796396880089,533.425537109375,24718012.0
138,1595462400,541.7370628385348,528.6423494074719,532.7862424039471,535.3436279296875,20149122.0
139,1595548800,531.7917833346723,521.5385953018364,531.7917833346723,529.9921264648438,19598440.0
140,1595808000,522.3673193800389,509.2726057499696,520.8755063164347,511.2380065917969,37970094.0
141,1595894400,518.2945120793429,501.7662859081783,511.00124822550674,514.6242065429688,35596450.0
142,1595980800,515.5003400046988,499.8956445226228,511.9484313689292,504.18157958984375,33592086.0
143,1596067200,513.2034718863025,495.7043665966615,508.6333376902901,497.5750732421875,26956266.0
144,1596153600,500.9138426553435,483.083277558819,500.9138426553435,489.1215515136719,37726696.0
145,1596412800,486.3509968464558,470.27271321005446,485.8774090184497,474.5350036621094,31783542.0
146,1596499200,502.50039012196834,475.0085934673722,477.3765326172594,493.3127746582031,60306168.0
147,1596585600,500.01401757537576,483.0595513733578,496.29630713217466,486.6351623535156,33221360.0
148,1596672000,499.635152468842,486.0195025792882,491.1105716684257,492.8628234863281,33646888.0
149,1596758400,495.9411524436624,483.3437277280668,490.0923543054588,494.3546447753906,24836784.0
150,1597017600,503.8974593132856,494.3310081161424,494.4257025592764,497.5750732421875,22172854.0
151,1597104000,507.2125000157358,496.5567752254893,496.5567752254893,505.15240478515625,20136148.0
152,1597190400,504.84461568564,496.3200349329744,504.37102786604737,503.7553405761719,20666432.0
153,1597276800,507.3782566295072,500.3454896574793,505.768046615024,501.55316162109375,19892740.0
154,1597363200,504.7972645640739,486.5167864313029,504.7972645640739,489.9028930664063,20924512.0
155,1597622400,495.8464969809538,483.1543479205184,495.8464969809538,489.0978698730469,19561012.0
156,1597708800,502.78453946350186,484.00677013622885,486.84829716246895,500.3455505371094,24040824.0
157,1597795200,506.6442387528146,500.2271011006814,504.37099424589417,505.1287231445313,17715624.0
158,1597881600,506.2417170726207,498.2144260136332,499.6114870686369,501.529541015625,19216734.0
159,1597968000,515.6424479794565,504.1815879057319,504.56048129086855,514.150634765625,28924302.0
160,1598227200,531.8154231788657,514.1506320521144,514.3163762281067,529.0213012695312,36779740.0
161,1598313600,533.7335206706247,523.8828700129884,529.9448177732289,530.2763061523438,27601738.0
162,1598400000,535.983006159888,525.445677344286,530.8919371815633,529.6842651367188,25190062.0
163,1598486400,535.1068262437444,523.9064640600558,533.1651279730452,526.6769409179688,20645996.0
164,1598572800,532.7863321009106,518.5786965782196,526.6059875241332,527.8136596679688,38696610.0
165,1598832000,544.0577576301962,521.2781352761166,534.917488792034,528.4530029296875,38501166.0
166,1598918400,541.5950576766639,524.7353416550061,534.2070987245911,533.8756103515625,28877884.0
167,1599004800,539.4166408261281,530.7499587665834,532.3601692566277,537.1197509765625,19761682.0
168,1599091200,542.7079677503818,534.207089058651,538.58777662407,535.5805053710938,19833362.0
169,1599177600,532.9757270743686,523.0303831737506,525.6824633183799,530.0868530273438,23661370.0
170,1599436800,530.1816022066531,520.4730512059954,528.6661441992501,525.9193115234375,17615466.0
171,1599523200,529.8500411093245,522.3673309236393,527.576796599215,526.8427124023438,14624918.0
172,1599609600,525.6823747167836,516.8026048735946,521.4200851920529,519.2889404296875,15728872.0
173,1599696000,523.2434621677486,513.369168233938,522.3673363118392,516.47119140625,15188088.0
174,1599782400,523.2434566732622,507.21252159133104,519.2653076868147,510.8354797363281,20794730.0
175,1600041600,518.104996454255,498.3800551824383,515.2634699654749,501.0321350097656,21650590.0
176,1600128000,509.6515518289854,501.1032684231921,505.7917994749095,506.9757690429688,16505110.0
177,1600214400,519.0522508698061,505.9575360808241,506.8336619858744,517.9393310546875,18710112.0
178,1600300800,518.1051350304291,510.5277290336404,513.3692562824361,513.1798095703125,18318686.0
179,1600387200,517.2525634487629,495.9411128025511,517.1578690147392,500.7243957519531,23481778.0
180,1600646400,507.3782445611491,493.241661224128,499.6350961031733,496.9356689453125,19842878.0
181,1600732800,501.1269984159479,487.5586948598307,499.18529978006944,490.3528747558594,18620678.0
182,1600819200,499.6352108363236,489.8556096022995,495.3729199381938,495.96490478515625,16079828.0
183,1600905600,495.84643992793775,485.4275080478856,491.5841496133709,487.9848937988281,19809510.0
184,1600992000,498.1907205346016,485.7353946449185,497.2672473425153,494.42572021484375,20321544.0
185,1601251200,501.5295007611157,493.78635147587335,496.7699200515837,499.2562561035156,16152422.0
186,1601337600,506.6916439904781,497.74082220966153,501.0559371054442,503.2107849121094,12644446.0
187,1601424000,514.7426000261162,498.2143739663606,502.0030764299831,510.8117980957031,18813842.0
188,1601510400,525.6825031478362,516.2580935562258,516.2580935562258,524.238037109375,21203080.0
189,1601856000,536.1013899485746,526.156046142108,526.629633942416,527.7425537109375,16940126.0
190,1601942400,543.6787910802993,533.3545539789349,537.5458522321513,541.831787109375,19371990.0
191,1602028800,551.658684764672,538.7534184429076,542.2106321782777,550.4273681640625,21248778.0
192,1602115200,569.7260960158046,550.948329086166,558.8335771393595,564.4219360351562,35060674.0
193,1602201600,585.8281297469175,564.350933803847,568.7789683314858,584.1942749023438,44972388.0
194,1602460800,588.5512296372209,570.9574315684628,583.247069481048,574.7698364257812,19220546.0
195,1602547200,578.9373965283816,565.9374342386844,574.6514615247294,567.5712890625,18353952.0
196,1602633600,575.0777781551355,556.7025455312693,566.1980055233097,573.751708984375,22582918.0
197,1602720000,576.3564354466505,551.2562784387027,575.0303662916343,553.7426147460938,28246896.0
198,1602806400,569.9628984257118,555.5184710040381,558.8335854942584,567.9974975585938,25822848.0
199,1603065600,584.8808842087241,564.8007516016243,584.8808842087241,569.986572265625,42359556.0
200,1603152000,581.281678713912,571.0995409888332,571.8572699084973,579.6477661132812,27411978.0
201,1603238400,592.4583256225468,578.5821802433544,582.7971231389221,590.421875,35640752.0
202,1603324800,591.9847599679864,579.1978891526778,587.2251793734391,584.0758666992188,21913060.0
203,1603411200,591.2506044244504,583.0812157222856,588.9063681821442,585.259765625,15866230.0
204,1603670400,588.1960996171958,570.4839027686133,582.4183510706442,573.467529296875,19571976.0
205,1603756800,585.3544340450554,567.2870505906068,580.6185567469563,583.9810180664062,24317780.0
206,1603843200,583.4601230411454,569.0156962937793,581.5657719923105,572.8517456054688,16571186.0
207,1603929600,570.4128596049055,558.1232780908251,568.5895579548477,562.2434692382812,23060024.0
208,1604016000,567.973900810896,557.1050255565358,560.0413047538221,560.514892578125,11522716.0
209,1604275200,580.1450690524712,557.6496480075795,565.6295910686702,575.527587890625,21926080.0
210,1604361600,592.3399850790447,580.3818922361537,580.8317775553417,591.013916015625,28164230.0
211,1604448000,598.9938801743824,582.5130014005952,592.9319331329635,595.4893188476562,23404822.0
212,1604534400,604.2980570121856,593.0976935312227,599.562178822435,601.07763671875,21433928.0
213,1604620800,620.4000291628225,599.3253716836275,599.6805625400184,619.287109375,35705724.0
214,1604880000,637.4254307157104,622.8626069068144,622.8626069068144,634.8681030273438,26288440.0
215,1604966400,660.6550180387974,640.0776500995573,642.6586806298552,660.0156860351562,41517356.0
216,1605052800,670.0320081381958,649.0520465517408,662.9755387185547,658.2633056640625,36116194.0
217,1605139200,657.6004237819327,644.0794677139719,652.3199077601627,649.6204223632812,27053948.0
218,1605225600,648.2469862706338,637.9227493848422,648.2469862706338,643.5111083984375,22472480.0
219,1605312000,651.1595538431708,646.542072570809,647.7734471589163,648.6732177734375,1835066.0
220,1605571200,668.9901201865498,653.8353104626648,656.2980017294028,667.0247192382812,31059900.0
221,1605657600,672.0211050279592,662.5730513057764,664.4437000382147,667.1431274414062,18862776.0
222,1605744000,662.7624081519232,647.8680953131696,658.14492720945,650.8753662109375,20266882.0
223,1605830400,667.0011291667048,646.4711077495306,650.070363791555,664.7515869140625,20405362.0
224,1606089600,674.2233257581156,651.349010444153,670.126779466313,660.465576171875,25246636.0
225,1606176000,684.3344341333797,663.9938593712611,666.8116839168157,681.114013671875,40154400.0
226,1606262400,693.5220600982908,661.6022274002418,687.3180708165835,664.3490600585938,24152602.0
227,1606348800,678.1777873875996,656.8663345716484,670.1267941015735,675.6441040039062,27943126.0
228,1606435200,684.8079462068822,670.3872210864731,678.0830226949529,682.3689575195312,17994580.0
229,1606780800,686.2287011031041,675.0993881452553,682.3689490895632,678.7933959960938,17147574.0
230,1606867200,678.0830341152878,660.5602855423987,677.7041407514697,666.3143310546875,17892150.0
231,1606953600,678.1777323249325,650.7333423290647,676.7569689192239,652.22509765625,37933222.0
232,1607040000,663.7095404385426,650.3780912973605,654.0246939101837,656.2031860351562,26912322.0
233,1607299200,653.5275850704968,643.1797012458692,651.1833481415956,649.8809814453125,24316318.0
234,1607385600,657.7187980398132,646.5184343558151,651.1832628950788,651.7989501953125,19457896.0
235,1607472000,667.7825107573249,651.206937503077,652.1304106028376,666.4327392578125,22069074.0
236,1607558400,663.9701717176157,651.5384905424463,662.075820300447,656.3217163085938,19727966.0
237,1607644800,660.6549449862631,650.2360139542217,658.3107086284568,654.877197265625,21356384.0
238,1607904000,657.3399127257109,647.8681560581934,654.9719735588316,649.8335571289062,17222050.0
239,1607990400,660.6312591314887,646.9209158475564,653.9300382066189,658.9027099609375,21561436.0
240,1608076800,670.9793253567364,660.4182926051539,664.9173774239054,668.0903930664062,16832092.0
241,1608163200,684.3343665170745,665.1540607427205,671.831637116775,682.8189086914062,21924478.0
242,1608249600,681.824397200528,666.0066094291611,679.5985574538313,668.398193359375,22995918.0
243,1608508800,674.3180483184574,647.2524911424747,671.3107770346853,650.0703735351562,23761824.0
244,1608595200,655.8245211990293,636.9757003974331,655.8245211990293,650.2835083007812,22851558.0
245,1608681600,654.0011308688444,644.576778722014,647.6313972886575,651.4911499023438,15467394.0
246,1608768000,664.9173036746126,652.1304324501009,658.0029330191164,661.6495361328125,14952188.0
247,1609113600,672.9683340782458,664.9173406374786,665.3909284869355,669.1085815429688,11699194.0
248,1609200000,679.4800909681309,672.4946709703752,672.9919612810602,675.9044799804688,14495346.0
249,1609286400,681.9191122043819,669.1795883098822,681.9191122043819,678.41455078125,16216726.0
250,1609372800,683.8607752565193,674.8863096751678,679.5984851060285,680.2141723632812,22145750.0
251,1609459200,683.3872308658292,672.7788520330828,681.9664673920958,674.8863525390625,8810938.0
252,1609718400,681.0192736609507,662.5493489928165,681.0192736609507,670.600341796875,15740192.0
253,1609804800,677.5856560019631,667.2851227026148,672.1156945048044,675.6676025390625,14386824.0
254,1609891200,681.9663859162719,669.2268633949402,679.5984470762849,672.755126953125,22134050.0
255,1609977600,678.4619610337114,668.9665590663031,678.4146138096108,670.7188110351562,19894842.0
256,1610064000,682.9136463718647,673.962824881487,678.1777681029891,678.0120239257812,13768764.0
257,1610323200,693.758829135686,680.2142286543354,686.7023588514919,687.3890380859375,17331392.0
258,1610409600,704.5565601168332,686.276082257034,687.8625898545131,701.383544921875,20388156.0
259,1610496000,708.9136137714456,692.4327346400382,707.019262506273,696.48193359375,16934650.0
260,1610582400,704.6986575797872,689.5438477393617,696.7187145853906,695.5820922851562,12297166.0
261,1610668800,696.9554632980903,684.3343374840208,695.7477913428329,694.5875244140625,14165236.0
262,1610928000,711.7313489217837,694.75323939848,696.1266554557428,702.3779907226562,42825632.0
263,1611014400,715.8990251352752,694.7533178392471,706.4983186612751,712.2050170898438,17360254.0
264,1611100800,710.8553078986365,703.751490697784,710.8553078986365,706.593017578125,13346052.0
265,1611187200,707.7059336769149,695.2979561553767,706.5930138834698,698.4473266601562,26333054.0
266,1611273600,695.1796187343615,682.0375558560813,695.1796187343615,683.6477661132812,15392364.0
267,1611532800,701.3835329786784,689.1412998903074,693.853475383822,692.7879028320312,20344718.0
268,1611705600,697.0738783221417,665.9354811895471,695.2268743824932,667.5693359375,23556276.0
269,1611792000,663.6385949413054,635.5548157983885,658.2396825593556,649.501953125,42704446.0
270,1611878400,667.1668424746923,646.2105814067206,658.9264028315245,658.5238647460938,28704502.0
271,1612137600,702.0939184433921,663.4965124716306,667.8771996524747,699.3707885742188,26370544.0
272,1612224000,747.5584350931389,709.1504713078268,710.8553760372515,739.0575561523438,42420206.0
273,1612310400,749.0738621856243,730.272448092601,747.7951981441097,745.80615234375,20237254.0
274,1612396800,752.0574725376579,730.9591116288991,741.6385402984712,747.842529296875,24484684.0
275,1612483200,766.3834817798823,733.1139377693545,733.1139377693545,756.6038818359375,27054716.0
276,1612742400,772.7295980086683,755.7040807536468,767.2122882010688,760.2268676757812,17447580.0
277,1612828800,771.0009325010271,751.4417333862714,762.4763521662492,763.3524780273438,18421366.0
278,1612915200,764.7732794572811,742.1121138356696,761.6949586277138,749.0975341796875,19788006.0
279,1613001600,756.698657949199,740.7860606113193,749.2159471102909,744.6458129882812,13648618.0
280,1613088000,754.1885741389179,744.9536120066047,745.3798525902982,749.1921997070312,9910106.0
281,1613347200,769.5802613449466,756.1777019768093,757.787912239673,765.6021118164062,10355244.0
282,1613433600,777.1575453320123,761.7422400012975,767.7804841834933,770.361572265625,13897358.0
283,1613520000,768.0647183895073,749.6894885957936,767.2122372237433,751.3470458984375,12794426.0
284,1613606400,760.5582975853896,733.1139079415677,760.5582975853896,736.0975341796875,14720560.0
285,1613692800,740.7860913158588,726.0101735308317,731.6932277267678,728.8990478515625,17139508.0
286,1613952000,745.379950915023,729.0648143091637,731.7169525971016,733.114013671875,29451838.0
287,1614038400,737.7077884015558,721.1085685500753,735.8371394738815,724.1868896484375,18239906.0
288,1614124800,764.3470135121918,718.0775081633502,722.9317831567051,760.7951049804688,14314332.0
289,1614211200,774.908069216845,758.6876864081806,762.3579920072215,760.771484375,20109570.0
290,1614297600,752.4836927211386,720.3270684390092,751.6075668233725,726.6731567382812,27912846.0
291,1614556800,744.7405472981088,729.6567290261943,740.6913483244873,738.2760620117188,13536018.0
292,1614643200,751.8206264779094,734.53467191637,746.2322673582679,742.6803588867188,16110038.0
293,1614729600,755.8461574794367,741.1649351223799,750.1631036638017,751.5128173828125,11222410.0
294,1614816000,744.0063865017869,728.898925080001,733.3743641920935,735.0319213867188,16291438.0
295,1614902400,731.9773754629191,720.3744730417781,725.0630043578303,724.5894165039062,17445822.0
296,1615161600,736.4290669859535,716.3015844477521,730.272425268386,719.61669921875,15117050.0
297,1615248000,741.4963537466908,728.4963924902344,731.6931099609376,739.9808959960938,15066696.0
298,1615334400,745.9008061309231,735.0793361565595,744.4800426906737,736.7842407226562,11055016.0
299,1615507200,757.7404748656829,726.9809705885083,757.7404748656829,734.9845581054688,15631204.0
300,1615766400,733.303371388489,717.6276265503748,733.303371388489,723.9500122070312,12230386.0
301,1615852800,729.5146585706096,715.1175778906098,725.0155744712979,716.1358032226562,13722366.0
302,1615939200,728.8515605873579,705.7404548400427,721.8661411470307,708.179443359375,21064428.0
303,1616025600,720.8243085586888,701.4545566632114,715.9463312672258,706.119384765625,18065540.0
304,1616112000,715.6859454495183,698.0922028335087,703.2779667365531,709.1978149414062,21235020.0
305,1616371200,707.9664315664949,691.6276520560606,707.9664315664949,695.7715454101562,14015632.0
306,1616457600,713.9099764186892,695.7478940590526,696.1741346833069,710.4528198242188,19761428.0
307,1616544000,713.4363936460627,696.6477274847226,706.0721372637486,700.3417358398438,16368900.0
308,1616630400,708.2743439839369,686.8207908973509,705.7406026954393,693.0247802734375,23964356.0
309,1616716800,709.9081387163341,698.0684432741003,707.5401996278873,706.2615356445312,12021258.0
310,1617062400,740.0047142264807,711.1158555293341,713.5311419893512,735.8134155273438,25607644.0
311,1617148800,733.1139368392285,704.698667969491,733.1139368392285,707.3744506835938,30774506.0
312,1617235200,710.0975869218903,693.8061543963869,710.0975869218903,704.106689453125,35763762.0
313,1617580800,703.2779609945935,677.7042169584265,700.9100217319855,686.512939453125,16006586.0
314,1617667200,692.6932792880586,678.4856438101414,691.4382599253059,682.0848999023438,15075734.0
315,1617753600,689.87536610547,673.228800195683,681.6349841449041,685.3762817382812,25088180.0
316,1617840000,691.8644465891563,677.4673655322455,688.123091309579,678.556640625,17613592.0
317,1617926400,678.5567163982668,670.1741764974265,675.3362957904267,673.3235473632812,28157816.0
318,1618185600,662.54938215217,640.7643417097112,659.7078551379362,647.4182739257812,22549128.0
319,1618272000,666.0774723651375,644.5529321065543,647.8680463789613,663.1885986328125,18600682.0
320,1618444800,680.4034996297488,658.7605625050628,665.3907910277593,677.27783203125,34444984.0
321,1618531200,684.3344585521887,674.1523195495091,679.5748774288545,676.59130859375,15606526.0
322,1618790400,671.4054275301584,649.9045868073125,658.2870680749406,668.8954467773438,24069242.0
323,1618876800,675.5257087311528,655.4218701712806,674.8626741907973,658.9501342773438,23186270.0
324,1619049600,675.7151005800558,649.3125805575211,653.551168270815,673.6786499023438,38485312.0
325,1619136000,679.4090292715103,663.1175977980581,667.285193457898,669.7241821289062,22713528.0
326,1619395200,676.7570680081424,664.3253863879788,669.1796620682331,665.2962646484375,30170952.0
327,1619481600,682.9136319631285,665.2961882990259,666.4564553260143,681.3507690429688,20592906.0
328,1619568000,700.4364624788374,677.7042446296256,680.1905809568831,699.3945922851562,24103940.0
329,1619654400,712.110366015842,691.9118331106085,703.8462235347221,697.3580932617188,24078552.0
330,1619740800,688.5019775026257,666.5748388962347,684.3343816732215,668.8480834960938,35232902.0
331,1620000000,673.394535934582,652.2725306270976,659.7078363110799,669.8662719726562,22473700.0
332,1620086400,673.9155067414977,655.1140923271569,667.7351622095179,657.5056762695312,21486328.0
333,1620172800,667.5692645597892,654.3561550947768,663.4964215713023,664.254150390625,14421612.0
334,1620259200,668.1376884767826,660.6549781447178,666.622172836726,663.4491577148438,11477044.0
335,1620345600,674.8389344089317,667.8772166471722,669.1558806243075,670.0083618164062,12048334.0
336,1620604800,677.230634357259,669.0849463551311,675.8098707886772,672.4237060546875,11060050.0
337,1620691200,674.4837041655442,660.6786664019221,661.1285516758652,664.7041625976562,14519034.0
338,1620777600,667.0957702739445,657.7424111292165,662.9045297636991,662.7861328125,13774926.0
339,1620950400,662.5020447148758,654.6641427937886,660.3471969061856,656.7952880859375,10604142.0
340,1621209600,683.1978197859106,654.166919312643,660.7260994627449,682.0848999023438,15120692.0
341,1621296000,702.2123976389103,689.0703345571502,690.9409834750115,699.34716796875,22165280.0
342,1621382400,700.3654165997244,687.9100901877404,696.2688699233435,690.5858154296875,10130916.0
343,1621468800,694.2323856507859,676.5201899075936,690.6567745433202,678.556640625,10684184.0
344,1621555200,711.2816420800909,683.3873046389979,683.3873046389979,709.1031494140625,19341646.0
345,1621814400,720.066543946563,709.6713149106149,711.9208569498711,715.0938720703125,22146102.0
346,1621900800,716.8934749022702,696.4108041907768,715.354314675395,700.41259765625,19236974.0
347,1621987200,704.2250538719275,696.1740613259808,700.9099392941847,699.5128784179688,12283990.0
348,1622073600,705.172310355068,692.5985297827585,697.6422519596574,702.1650390625,20439496.0
349,1622160000,716.5383506375555,700.3179682784436,706.0720716848272,712.0155639648438,17750020.0
350,1622419200,719.6166073890611,704.4617989412493,710.3816459911758,717.8880004882812,15661054.0
351,1622505600,723.168585066384,713.8152258292779,719.9955698673149,715.9226684570312,11030162.0
352,1622592000,715.2122832918838,707.0665961326437,715.1175888548506,712.2760620117188,10624016.0
353,1622678400,722.1976927085534,704.5802496675188,714.1704026204795,720.1139526367188,10287260.0
354,1622764800,720.1613804324387,710.0028862960756,717.959185353156,710.8316650390625,9424476.0
355,1623024000,717.0120096647036,708.4874283080559,715.1176582521152,710.3107299804688,8091668.0
356,1623110400,710.9974705499297,701.6204078871059,708.7479282364206,702.3544921875,9872540.0
357,1623196800,711.3288954100806,697.1449635294709,702.7569675535597,701.0520629882812,10223442.0
358,1623283200,705.1722877692647,697.9027260492259,701.9045201388227,701.4072875976562,11483540.0
359,1623369600,708.7478667213167,701.4072555985663,706.1194312271526,703.917236328125,7205974.0
360,1623628800,703.7514984338662,692.645887212192,700.0811928397461,700.6494750976562,8881964.0
361,1623715200,708.4874123207096,698.4473731849562,703.7515338961059,705.7642822265625,7569602.0
362,1623801600,707.5401154249402,700.010058457614,704.6985888569685,703.08837890625,7702098.0
363,1623888000,700.3179848535726,691.4382132789289,694.2797401828149,694.3270874023438,9283802.0
364,1623974400,705.6458804529288,689.0703060798735,695.9373297487107,700.8153076171875,11938060.0
365,1624233600,706.4983809928871,690.9646763172761,692.0775962076742,705.0302124023438,7260472.0
366,1624320000,714.1703962636843,700.9099379776212,708.9609305084452,702.7095947265625,14366824.0
367,1624406400,709.3399243472963,700.2470026908098,705.6459158913771,703.5147705078125,7844868.0
368,1624492800,716.7514840843272,704.6986968360997,705.6458725038901,713.3416748046875,14785024.0
369,1624579200,720.8006654850395,713.6968481510871,715.6385466601647,717.5328979492188,10383176.0
370,1624838400,721.2742548134761,712.749673994932,719.8534913437187,714.336181640625,9356786.0
371,1624924800,717.3563983620929,709.722451918842,716.785656631066,714.4312744140625,10971692.0
372,1625011200,717.7369619104611,710.6499518008912,712.5049495969985,712.4573974609375,9679022.0
373,1625097600,714.4075246053683,705.3704121103602,714.4075246053683,707.154052734375,16911442.0
374,1625184000,708.3432308594965,702.5166707936722,706.3217712448228,704.1338500976562,14827036.0
375,1625443200,715.5965956833905,706.1076510887453,708.6760470569808,711.2920532226562,7373882.0
376,1625529600,732.481717291606,711.5536682261314,712.0293057048922,729.9608154296875,17669032.0
377,1625616000,735.0263641150248,726.6313510263612,729.6278903585783,732.243896484375,9629190.0
378,1625702400,731.3877916578379,719.8535817918715,725.3472183752016,723.1830444335938,8420922.0
379,1625788800,721.0664568010882,712.2671629680933,719.4255306350982,714.4075317382812,10695842.0
380,1626048000,714.4075732356201,705.8460976575634,714.4075732356201,707.2730102539062,14458978.0
381,1626134400,716.3576410548972,705.8936158516059,711.601265962492,714.336181640625,18178142.0
382,1626220800,716.9521450358477,709.2230359732336,712.2671274624448,713.0519409179688,9788494.0
383,1626307200,726.1795710886405,713.2898061320276,715.8344552077314,723.3019409179688,10438802.0
384,1626393600,727.7016256569119,722.3983135745475,726.7503505840253,724.0867919921875,5170628.0
385,1626652800,708.1528987460736,697.2845931996463,707.2729809603507,699.6627807617188,25111600.0
386,1626739200,691.5769764474464,683.0868580530974,685.8693260228458,686.4163208007812,24174250.0
387,1626912000,698.4736760969855,687.2961947294137,692.5757594227039,689.0560302734375,13207114.0
388,1626998400,693.2177996545581,682.6824762611533,690.3877799642745,686.2259521484375,13126684.0
389,1627257600,686.8205568594655,679.2579089216915,680.161631792961,682.3258056640625,13167166.0
390,1627344000,689.6268043734378,683.0629838249257,683.0629838249257,684.799072265625,22401430.0
391,1627430400,684.2996904317964,667.7950913834882,682.5636598981887,674.12109375,20670342.0
392,1627516800,680.1378114327916,672.2184936053619,679.3292509173456,674.5728759765625,13702230.0
393,1627603200,680.994046713365,669.6738500565182,674.9296680888878,678.47314453125,11655488.0
394,1627862400,682.5398220441142,673.6216187944088,682.5398220441142,676.6657104492188,13258786.0
395,1627948800,684.8705058077147,670.6489317422132,670.6489317422132,682.3971557617188,12033120.0
396,1628035200,701.3274405647641,684.9179480591796,685.3935855231096,696.9515991210938,22053948.0
397,1628121600,716.8095540851317,693.1941393958622,697.8078001562104,706.2503662109375,18822408.0
398,1628208000,713.4562511669117,701.0896761466853,705.632037503602,709.9603271484375,13339270.0
399,1628467200,716.9522666946699,702.0410407543084,709.6512417380949,715.3113403320312,10998048.0
400,1628553600,722.8500504507084,708.2241981385786,708.2241981385786,717.0948486328125,14838346.0
401,1628640000,722.4220701727036,709.19938132137,720.5433251033847,711.0543212890625,12585786.0
402,1628726400,717.0710605291638,708.3669293933626,712.0293148021268,714.1221313476562,8597674.0
403,1628812800,728.2010520986385,713.9319263227017,714.027030603386,725.91796875,16658428.0
404,1629072000,730.1036199997209,723.6587081426609,725.8942394054524,728.0108032226562,6252778.0
405,1629158400,724.8715766174648,715.9771782653477,721.6372182742111,720.4243774414062,8282666.0
406,1629244800,744.5391374947473,717.4278004141593,740.4248615711514,719.6395263671875,22985932.0
407,1629417600,722.8739164966347,706.8211504103504,706.8211504103504,720.471923828125,13150406.0
408,1629676800,729.2237066164494,717.5705868776091,727.6540795087693,725.156982421875,10843054.0
409,1629763200,744.1348732691891,726.5124805626797,727.725379419533,741.447509765625,18381314.0
410,1629849600,744.2776027396884,736.2868693056814,738.2369714945701,740.7578735351562,7727974.0
411,1629936000,747.226483172308,734.1226473371297,737.2380960643395,739.5211791992188,11119002.0
412,1630022400,741.3524532058019,734.978898644625,738.1894519957664,736.5009155273438,6382138.0
413,1630281600,746.75094480437,737.9992023740358,739.9017525518813,745.9185791015625,9049166.0
414,1630368000,753.1006877524478,743.040942163784,743.6592941906064,752.1732177734375,12062576.0
415,1630454400,760.0687229354822,748.8912417158429,749.1290604651969,751.0791625976562,12422558.0
416,1630540800,757.2149374729586,747.3454588595391,748.701014189379,755.7880249023438,9618524.0
417,1630627200,760.0686985409808,745.9422885072275,754.4086008757728,749.6284790039062,10735334.0
418,1630886400,751.959099481168,742.9219867758911,751.4834619703639,744.7056274414062,7876896.0
419,1630972800,752.4586048427045,739.7114952656328,743.1836726085498,746.3942260742188,7245496.0
420,1631059200,751.7450238964017,744.6580139570113,747.6783002895594,749.794921875,6724080.0
421,1631145600,751.2456775887658,742.47018833739,748.6534762607636,746.0850219726562,8250948.0
422,1631491200,753.4097932161694,738.9742068333936,742.9457683103893,739.8779296875,8959164.0
423,1631577600,744.134918355455,735.620994925657,741.994549462774,736.5485229492188,9758506.0
424,1631664000,739.521225577569,730.1035796320939,730.1035796320939,735.7161254882812,14822998.0
425,1631750400,744.0397727219095,730.7219225742858,731.411573732443,741.970703125,10260550.0
426,1631836800,755.7879512981008,741.6139312525427,746.2752017537572,752.5298461914062,20498102.0
427,1632096000,752.3158246968031,741.04323895895,743.8970640127071,741.9231567382812,8781610.0
428,1632182400,746.1087693954601,727.2259259755568,742.9457684361612,738.1655883789062,14774996.0
429,1632268800,737.3095014073501,727.7253939209189,736.7625066558845,729.4852294921875,10582202.0
430,1632355200,747.7021294660628,733.4330048579319,733.4330048579319,746.7508544921875,13664304.0
431,1632441600,764.8012967419484,749.1290643037012,751.031614308282,761.7572631835938,20806702.0
432,1632700800,777.9051377473095,764.8251063880609,768.487491944163,772.95849609375,16415462.0
433,1632787200,776.2404385627441,752.4585623812875,776.2404385627441,768.1784057617188,12773790.0
434,1632873600,764.1591654813507,753.9567647367983,759.5930572752828,758.0947875976562,16263036.0
435,1632960000,764.0403213516778,752.9817489724259,754.361109397566,758.6180419921875,15975348.0
436,1633046400,755.7879823250635,744.4915917774107,752.9341573446038,752.7914428710938,11128596.0
437,1633305600,761.6621211029538,753.2195552330974,755.7880094198329,754.2421875,7051028.0
438,1633392000,759.830976185328,749.7236783800458,757.2149696945492,758.8558959960938,10257178.0
439,1633478400,773.7909008998,754.8367570191563,759.1174947716279,768.1070556640625,18600830.0
440,1633564800,774.19516325999,764.3494898817696,773.6719736034911,766.0142211914062,11265724.0
441,1633651200,771.4839688507248,761.0913018443557,766.7275941968978,762.2803955078125,7245562.0
442,1633910400,782.4236743028476,760.5443496718865,760.9724350269096,777.0965576171875,13080848.0
443,1633996800,780.7827800509983,772.9109560129631,772.9109560129631,775.098876953125,8176946.0
444,1634083200,783.8506027379818,775.2891277080766,778.6185902197064,779.7601318359375,6225644.0
445,1634169600,803.827405211579,779.094254281992,779.094254281992,802.5907592773438,14757288.0
446,1634515200,820.4746843514532,792.9115145567133,810.9619343879581,794.4573364257812,28856456.0
447,1634601600,804.9926860848645,794.7902846500209,796.9068483595202,803.2090454101562,8987540.0
448,1634688000,807.9892602226093,791.6748695952446,803.3993464110135,796.1458740234375,10908568.0
449,1634774400,799.998462628159,789.962523081634,795.1707884960194,797.3111572265625,9738190.0
450,1634860800,812.3888563513312,794.6713593378141,799.1185583853392,799.427734375,12175554.0
451,1635120000,803.827385358517,767.5838306159519,803.827385358517,788.13134765625,16426766.0
452,1635206400,796.1458645438692,783.0658325252933,784.8019211145486,786.1099243164062,12090656.0
453,1635292800,791.9602538614304,778.761313048737,786.1098893037489,781.3773193359375,13249642.0
454,1635379200,784.8018571141539,754.9080525326855,784.8018571141539,757.9758911132812,17797750.0
455,1635465600,761.9712625572553,741.9944878834696,756.2636126504593,752.86279296875,12406874.0
456,1635724800,766.2520653021783,753.1958382519653,753.8854894500015,763.5409545898438,8122320.0
457,1635811200,771.4840630530865,761.043842637615,763.873862677717,764.2305908203125,13237722.0
458,1635897600,765.728821094555,749.3906846195152,763.4457378753382,752.1968994140625,10207338.0
459,1635984000,759.9973317587402,756.3111413083693,758.6417765602017,758.142333984375,1096808.0
460,1636329600,763.2555408894857,746.9649550660273,757.2625194688669,761.1389770507812,18943580.0
461,1636416000,758.4515312291761,746.2990281757783,758.4515312291761,747.821044921875,12695476.0
462,1636502400,746.2751836097618,737.2380717623523,745.7995461441087,739.7351684570312,13714126.0
463,1636588800,739.5688226168478,730.3889948696312,737.2619921599097,736.4296264648438,7999404.0
464,1636675200,741.5426691680743,734.8837441539887,737.2381265594817,738.6650390625,14914092.0
465,1636934400,747.6308195742927,739.3309681261308,742.9933537829838,740.6865234375,9533594.0
466,1637020800,740.662768498323,733.2428343419601,739.6163891144192,736.2869262695312,8245406.0
467,1637107200,734.3842876661621,727.0119065399798,731.007273085122,728.1058959960938,7598878.0
468,1637193600,734.1465133558511,725.4661286012387,725.8466618423676,732.1964111328125,9152874.0
469,1637539200,738.5223744689714,713.004467265438,735.3356262214785,720.75732421875,15261272.0
470,1637625600,726.6789762107248,711.7201424006887,714.4075058157676,720.8524169921875,11235214.0
471,1637712000,730.7456967746908,720.1390148495992,724.8715849784808,722.0415649414062,30802286.0
472,1637798400,729.2949319335355,716.7856436604311,720.4956390286131,725.7989501953125,10251652.0
473,1637884800,716.6430191487968,706.3217083190601,713.4562710293536,708.65234375,18624936.0
474,1638144000,717.0949340909893,695.3820692229132,710.983003439544,714.0508422851562,12990996.0
475,1638230400,727.2496917899412,707.0589044084865,711.0780178063845,710.3883666992188,25221542.0
476,1638316800,716.8095103506997,708.2717824753072,711.0780553091722,715.66796875,8677634.0
477,1638403200,727.1546972193483,713.4563127893044,715.5966817276724,725.7039794921875,11203110.0
478,1638489600,730.5554179694886,716.8095402344054,725.7277436410184,719.9011840820312,8124694.0
479,1638748800,722.3982957810733,712.1958360389292,719.6395749131635,715.2637329101562,7029532.0
480,1638835200,728.6766542380091,718.165077039117,720.0913740885894,725.6801147460938,12427534.0
481,1638921600,739.6402012391072,729.6280075074261,730.5792826149977,739.045654296875,15295534.0
482,1639008000,739.4736668471489,723.9203423741131,734.9551101766141,726.2271728515625,11747744.0
483,1639094400,726.7740858657247,717.4753496970789,725.2996212566436,724.181884765625,7779384.0
484,1639353600,731.3639756168698,716.8807796550856,725.8227874165515,718.7595825195312,10322142.0
485,1639440000,721.0664321863622,712.0531250085195,714.6453260949929,714.6215209960938,9191100.0
486,1639526400,724.5624236009718,711.387287173768,714.8832114257813,713.456298828125,10115148.0
487,1639612800,721.5421310623909,710.6024679019197,719.5444766662719,713.5038452148438,13210432.0
488,1639699200,716.3100492192655,698.0931104004245,712.0293118733335,700.6378173828125,14994768.0
489,1639958400,693.4795137394923,672.599014710812,690.6256885800706,678.0926513671875,21156668.0
490,1640044800,690.0311023174055,680.1616242039565,684.6801804486681,685.774169921875,9118750.0
491,1640131200,692.5281431543909,682.8726794724645,690.7683077733328,687.3912353515625,8577484.0
492,1640217600,693.3843716225142,683.4197311478777,691.220197770224,686.8681030273438,9779166.0
493,1640304000,690.6256763008242,679.2103758660999,687.5340324330864,684.3948364257812,5561024.0
494,1640563200,691.5768872980073,676.4278453611157,679.6383983110893,690.0548706054688,4705098.0
495,1640649600,697.7125951282051,691.2914894785592,694.7636080671955,694.8112182617188,5450678.0
496,1640736000,694.906373869757,688.4377156088801,692.5519915154243,691.5055541992188,7668702.0
497,1640822400,697.6888751595437,687.2962071004079,693.7173135335258,695.1442260742188,7215918.0
498,1640908800,706.2265962494574,695.1442190705774,695.1442190705774,703.6581420898438,6325736.0
499,1641168000,724.3958641407609,704.1812717402472,706.3216403473604,722.802490234375,9069184.0
500,1641254400,729.1047782359835,717.166287896205,722.9690425129386,727.0357666015625,8857352.0
501,1641340800,747.7021503050373,726.8216524342752,730.9597335226943,744.3013305664062,14332638.0
502,1641427200,739.4973550044904,727.749132743457,733.9086147431605,732.36279296875,9628930.0
503,1641513600,745.20512188097,730.5317152643793,734.3843677575986,737.4998168945312,11179384.0
504,1641772800,747.7021401431209,735.0977465592833,741.0432152309048,741.5902099609375,8856496.0
505,1641859200,746.1325314282669,736.191754015291,742.731769713943,744.80078125,8389198.0
506,1641945600,749.9138111897546,738.1893362155828,745.7995355580115,740.4010620117188,21085530.0
507,1642032000,739.6163215437484,723.1592754547615,739.6163215437484,726.7741088867188,41963896.0
508,1642118400,736.6197526556398,722.4933425207672,727.7253548760855,734.9312744140625,11208968.0
509,1642377600,740.0919897485006,722.5647585444003,727.7254140843227,723.6824951171875,22989372.0
510,1642464000,737.6662159084163,724.3959179463994,729.1522929821604,727.36865234375,12341152.0
511,1642550400,732.3629145201494,719.8060716409249,729.6279986191973,722.2318115234375,14317626.0
512,1642636800,727.0119309169397,713.5038140786304,726.9881258170541,717.7369995117188,15197846.0
513,1642723200,727.6302426550222,706.6070311292943,713.4562224773198,723.72998046875,11537694.0
514,1642982400,723.5635523601698,698.0218416410312,718.1888253449379,707.1065063476562,11868508.0
515,1643068800,711.0781185988046,686.8206041850661,693.7887057220415,707.7724609375,13594248.0
516,1643241600,706.321683981928,682.5398091003816,689.6743715648455,701.54150390625,28617838.0
517,1643328000,707.1302385002696,694.4307406458227,702.7543967837006,695.9765625,24925208.0
518,1643587200,709.4371891168743,697.6651601162798,700.4951802272873,706.6546630859375,12842546.0
519,1643673600,721.542108182837,700.8280712395866,717.4991893169476,712.0293579101562,14739484.0
520,1643760000,730.1035271800179,716.1197737442617,719.1400601109066,728.2960815429688,13969290.0
521,1643846400,732.4579959215433,717.7370374956087,727.1308787749581,720.75732421875,10564762.0
522,1643932800,729.0809624800141,720.1627589609288,726.9643987359728,724.87158203125,11579958.0
523,1644192000,722.4934077542481,694.4307934965123,719.211497186438,698.3072509765625,12268042.0
524,1644278400,703.2063015747357,687.0822353308985,702.2312794492199,695.3107299804688,13981130.0
525,1644364800,713.313585508527,697.7602613931682,701.0897241264689,712.3147583007812,11308342.0
526,1644451200,730.3413557953064,714.2410385936968,720.1151499017218,725.3947143554688,14314530.0
527,1644537600,725.3473018389752,713.2185436770776,713.5752718583099,722.422119140625,10711104.0
528,1644796800,713.1946881745109,698.8542627513499,708.6999366331057,700.947021484375,14656620.0
529,1644883200,725.2996833180713,700.6378889247106,702.0409964179948,721.9226684570312,13135066.0
530,1644969600,729.9846836790362,716.7857425015849,729.7944170588287,720.9475708007812,10032264.0
531,1645056000,723.9202940415751,714.4075437913573,719.6871085679842,716.5479125976562,7351208.0
532,1645142400,721.5421705778376,708.9139702743486,712.6477715282304,719.3304443359375,7796128.0
533,1645401600,728.0583054018553,711.3396935564448,715.3588072476773,723.9678344726562,7468066.0
534,1645488000,723.9678112195843,707.7247793394828,708.6047551441089,718.5455322265625,9536196.0
535,1645574400,725.6801756356834,711.3873023150155,725.3948047223228,713.8843994140625,9029562.0
536,1645660800,701.5415645216091,669.2933742326196,689.6268790132194,675.1199340820312,23630766.0
537,1645747200,697.2370153028564,681.5171728738023,684.8941874749454,692.5757446289062,18318654.0
538,1646006400,684.2283552518861,672.5752363928466,678.2590813465437,678.3779907226562,24880832.0
539,1646179200,665.1315558068055,644.2035037869538,659.4714573982826,653.6448974609375,38505560.0
540,1646265600,662.0873863170132,648.2463469653018,656.8553739251402,652.0989990234375,17527922.0
541,1646352000,659.2336109550803,635.8798200435912,646.8670352805982,649.9586791992188,21219364.0
542,1646611200,633.715662365495,616.9256921049088,627.1280940741168,630.1246337890625,27054458.0
543,1646697600,634.5004430311901,614.5236674634915,619.3751468768733,631.551513671875,39212492.0
544,1646784000,653.8588273559873,627.2944854329724,632.5978550025679,652.1703491210938,23134694.0
545,1646870400,678.7347392382749,656.4986852373013,678.7347392382749,662.4203491210938,22273206.0
546,1646956800,670.149432575976,652.9075731964616,660.1848501728542,664.3704833984375,15150780.0
547,1647216000,689.6743353216494,673.0270237794027,673.0270237794027,686.130859375,25018126.0
548,1647302400,689.436556548215,671.4812409154484,686.5827315469807,677.3078002929688,18867928.0
549,1647388800,692.0525387446689,683.1105308271242,688.2474388752825,688.79443359375,13364108.0
550,1647475200,708.6048120871039,699.4487896776494,700.1384408684183,703.9673461914062,14823954.0
551,1647820800,710.4359147186346,700.518885136643,707.2729139485184,707.0350952148438,12257876.0
552,1647907200,712.5049598135698,693.0989270027054,704.561836957358,710.6737670898438,10461814.0
553,1647993600,722.3982788795391,700.8994284281059,716.785732994576,703.5867919921875,31188256.0
554,1648080000,699.0206795927611,682.3258145703531,697.2845910655177,686.178466796875,20160044.0
555,1648166400,690.6256614843303,674.9296237233227,690.1500239764209,680.5897216796875,16366462.0
556,1648425600,683.966761144496,666.6535436173285,680.58974632828,681.4934692382812,15754886.0
557,1648512000,694.5496924552175,680.16165739494,685.3936701441318,690.5305786132812,12377448.0
558,1648598400,705.2515186367268,691.6007453109708,700.1384153992661,702.4927978515625,20109742.0
559,1648684800,706.1789630767555,697.237013039462,699.6627526430442,699.3535766601562,14295714.0
560,1648771200,718.2126085501743,699.3298234571498,702.2312005284535,716.31005859375,14568556.0
561,1649030400,819.0952862089551,743.2073617126769,751.5072124484601,788.0361938476562,97450970.0
562,1649116800,792.7450201895066,761.9712963036054,792.7450201895066,764.9440307617188,30922582.0
563,1649203200,756.1685727920734,735.9777246900588,755.1696875243184,737.6424560546875,27027860.0
564,1649289600,733.1238272791691,719.9724391818007,733.100080241604,721.4231567382812,40781732.0
565,1649376000,725.7039422730295,712.1720781256234,719.211478547381,720.4243774414062,41256322.0
566,1649635200,718.2126288330701,710.245700665551,716.3100788229164,711.6250610351562,20799066.0
567,1649721600,716.7144347757979,704.0149353413896,705.8461283073004,710.3646850585938,27435402.0
568,1649808000,714.5502639320367,695.691224799288,708.6998992573039,696.78515625,28892520.0
569,1650240000,680.9464450214841,661.15993644386,674.8582617385757,663.7283325195312,45620376.0
570,1650326400,660.9221170332797,631.1709679279387,656.8078410106541,638.400634765625,74096022.0
571,1650412800,646.8194421533099,635.142518406885,644.2271829644586,644.1558837890625,49325736.0
572,1650499200,656.2846420095574,643.6802483309051,649.2451838249173,653.6923828125,52446270.0
573,1650585600,654.168010350688,641.706331335433,646.8669864904109,644.774169921875,20659148.0
574,1650844800,651.9325641201308,628.9116970441421,642.1106379350289,649.6019287109375,20935488.0
575,1650931200,657.3072759446977,645.5114997756818,652.5747056406705,652.5985107421875,17016842.0
576,1651017600,655.9041425017765,645.0120316413157,646.8670295884091,652.8363037109375,18054334.0
577,1651104000,655.9040802026046,647.8657952361744,652.5746178665507,652.2654418945312,20773722.0
578,1651190400,668.1517954743881,652.3606532888389,656.5462285607915,658.5676879882812,28401476.0
579,1651449600,668.9604080458433,647.8421473040924,647.8421473040924,667.6524047851562,19494316.0
580,1651622400,667.6048118935288,642.1106524172083,665.8925284326605,644.9644775390625,29055916.0
581,1651708800,654.0015630179496,640.4458942572139,654.0015630179496,643.5137329101562,17862912.0
582,1651795200,634.9760551888268,624.5120303093106,632.5978677162095,626.699951171875,26731268.0
583,1652054400,630.9331425829555,616.1883801102291,618.32874885627,627.7701416015625,32762434.0
584,1652140800,643.5374821065801,625.4870637597833,625.4870637597833,637.8536376953125,20113812.0
585,1652227200,644.4888549965599,631.9558176573953,643.5375799338344,641.4447631835938,17102924.0
586,1652313600,638.4133907389254,622.1498973824371,635.6706993369925,626.9856567382812,22382290.0
587,1652400000,634.1791515037851,619.2629499130284,630.353891041967,621.3560180664062,16768238.0
588,1652659200,631.292053906236,618.4448991695826,625.0368734940553,627.9719848632812,9804356.0
589,1652745600,633.6978977151113,624.6519209350625,631.5807479648557,632.25439453125,16641444.0
590,1652832000,641.5410265716883,630.3297937681616,637.0902245927911,632.2063598632812,15732384.0
591,1652918400,623.7858326225379,615.076708796021,618.8778867259274,619.2869262695312,20537506.0
592,1653004800,637.1623671024004,621.837184664106,626.961633399629,635.5985717773438,13919350.0
593,1653264000,639.9290909513579,625.0850760956221,632.2544880498406,627.4428100585938,19486320.0
594,1653350400,637.5472577654566,624.0264559706711,625.5180642227122,634.6361694335938,12870796.0
595,1653436800,642.8160348600121,636.6811460213428,639.9531102298189,639.375732421875,12887112.0
596,1653523200,659.6810445171251,644.7648429270224,645.7993654297255,657.6119995117188,26992428.0
597,1653609600,671.0846178237094,659.5606740424182,660.0659236596756,669.8095703125,24031718.0
598,1653868800,683.4987815396562,672.8890092715018,678.5668121550864,674.3806762695312,12624674.0
599,1653955200,675.944488061126,664.0115042012508,671.662083279525,668.3179321289062,13485388.0
600,1654041600,673.8513881488794,663.6025497657505,664.0115306279351,671.1568603515625,12091896.0
601,1654128000,667.8607911929586,663.3378029059205,667.4999154052102,666.4653930664062,11475020.0
602,1654214400,673.995741003826,662.231212745682,672.8169034842749,664.1558837890625,6957244.0
603,1654473600,667.3796939444019,654.7009350100217,662.2312223234171,663.2656860351562,6173266.0
604,1654560000,661.2688580365657,651.5492343077399,655.3504712553794,655.63916015625,10253966.0
605,1654646400,664.4926611407994,652.9446351687653,660.7876929692908,657.9487915039062,5986588.0
606,1654732800,664.9979118561328,653.016823143348,655.4707669191479,662.90478515625,7311816.0
607,1654819200,658.2134392480132,646.4970155862447,654.4362839332251,650.1057739257812,9155430.0
608,1655078400,639.9531208031428,629.511803905611,636.8736353918679,638.317138671875,10892572.0
609,1655164800,638.0284630380025,627.9239398677174,630.9312384303023,631.2921142578125,11870356.0
610,1655251200,633.1205196838177,624.7481894734992,626.3119845887259,629.1027221679688,11810470.0
611,1655337600,635.4060350189333,614.9323257189839,630.3296922471587,616.5202026367188,12169192.0
612,1655424000,625.0369224008559,611.8529139840168,613.4888961209325,620.5861206054688,14723922.0
613,1655683200,637.547280721459,622.703267102487,627.7795517185277,636.1759643554688,15936840.0
614,1655769600,651.5011513361289,637.0902003236198,643.2731943331319,643.1047973632812,13220684.0
615,1655856000,643.2972258536737,636.6811690239211,641.0357608318419,640.0734252929688,8159698.0
616,1655942400,648.6140847460432,634.4196370457403,640.1936496695923,642.4310913085938,15372244.0
617,1656028800,655.1821236118307,644.0671595693715,644.0671595693715,651.4049682617188,8013432.0
618,1656288000,662.0868649193548,650.5388382056451,659.1998582409274,652.5838012695312,9804164.0
619,1656374400,650.0576425546589,643.9949405371601,646.6894682409041,647.6036987304688,9770574.0
620,1656460800,649.9373696255954,640.5545980485462,640.5545980485462,646.6654052734375,9994046.0
621,1656547200,651.5011422810993,642.8401226643639,642.8401226643639,648.6141357421875,12475822.0
622,1656633600,654.3881578947369,639.9772068826776,646.6653918015329,651.380859375,11472452.0
623,1656892800,654.4843831117648,645.8474450575549,651.3567925787985,652.2951049804688,8487480.0
624,1656979200,663.6986902674247,648.7584676358872,656.3127774299695,650.8274536132812,14325718.0
625,1657065600,660.835791929005,648.18105675633,648.6141194735643,659.80126953125,15049078.0
626,1657152000,672.6724981664967,661.3409744346241,664.0114788767993,671.6139526367188,17743142.0
627,1657238400,678.4464549412353,671.108647538502,678.4464549412353,672.2393798828125,12474030.0
628,1657497600,678.3984342696596,670.3869793455802,670.7478551643559,676.5940551757812,7462880.0
629,1657584000,676.1610141176355,668.5345166503326,676.1610141176355,669.6893310546875,9876974.0
630,1657670400,670.844136867853,651.6215063626066,668.823255561398,653.3536987304688,15945610.0
631,1657756800,660.4749379498609,649.215600611124,655.350489555198,650.0817260742188,10372410.0
632,1657843200,656.7458891263111,648.0367643942972,651.0199810197498,655.3745727539062,13595646.0
633,1658102400,657.3232089503867,645.7511605542314,648.6140849867697,648.3975830078125,20332220.0
634,1658188800,653.6905062823398,643.3213172038678,643.3213172038678,648.6382446289062,15792538.0
635,1658275200,659.7290838164299,652.1025868008825,654.3400285637287,656.8180541992188,20347862.0
636,1658361600,658.9592412990309,653.473917137891,654.6528133808986,654.7490234375,12640278.0
637,1658448000,672.19137802261,655.5429848453301,657.275177078658,670.026123046875,12729592.0
638,1658707200,675.8482435588785,665.5994052152816,671.2290446761094,671.9989013671875,10143126.0
639,1658793600,674.5971360881447,667.0428264609901,671.7101297996077,670.6275024414062,8527964.0
640,1658880000,676.5218097245117,666.0564118856013,668.2938535156615,675.751953125,9212778.0
641,1658966400,685.1828537236895,678.9276731770548,680.8764259957169,681.7424926757812,17420406.0
642,1659052800,692.2079091114783,680.9967358477592,691.9192202105274,690.0907592773438,20019736.0
643,1659312000,696.9474098698968,688.0939701842794,692.4003980885738,695.8407592773438,13193036.0
644,1659398400,695.094931123578,684.7258011854689,693.8439067006424,688.190185546875,15036510.0
645,1659484800,690.8365853805471,681.8146902206062,685.6399502739025,689.8020629882812,10975498.0
646,1659571200,696.1053785024752,679.8659665183745,692.8815779882993,688.984130859375,12012206.0
647,1659657600,691.4139038718322,683.8114894442461,689.5133149490085,686.650390625,9268982.0
648,1659916800,704.6701705018421,686.6744848885744,687.1075476112192,703.4913330078125,15357736.0
649,1660089600,708.0383647964982,697.2361719881424,703.154500244152,705.5363159179688,17353102.0
650,1660176000,717.421123242461,709.5059371613006,715.2558683433389,714.8709106445312,18301766.0
651,1660262400,716.6031812290219,710.1795445295438,714.5341363296417,714.6063232421875,8850370.0
652,1660608000,725.8415362160341,716.0016794217771,719.2495616686834,722.7861328125,12563756.0
653,1660694400,727.8865140946783,714.8949848396419,721.7516252798,726.5151977539062,12384350.0
654,1660780800,728.4398298215469,721.5831897478574,721.7515867041628,727.3812255859375,8342138.0
655,1660867200,727.5256370949188,716.939946608088,726.563301596116,718.4075317382812,8063702.0
656,1661126400,716.1460048012029,706.2098790742172,714.4378945404134,707.4849853515625,8234066.0
657,1661212800,710.1795210324121,697.8857201939286,699.2811184238794,705.2957153320312,14966884.0
658,1661299200,709.9630335639699,702.1199755407531,703.4191637412739,708.6879272460938,13455520.0
659,1661385600,715.4002292936442,701.0614069473538,712.0801600941289,704.8385620117188,11823040.0
660,1661472000,712.9944607425392,703.0823571957231,708.3030747503891,704.9589233398438,7706176.0
661,1661731200,695.7685910224809,687.3962601301372,691.4380811198513,692.5928955078125,8653178.0
662,1661817600,716.9158385123882,694.3731420244557,695.9850421787525,715.0633544921875,10135400.0
663,1661990400,716.6752405737923,702.0237069224642,704.7904213260312,708.35107421875,22403136.0
664,1662076800,717.1805580778581,705.0069900550793,708.351141283871,714.7747192382812,12038086.0
665,1662336000,721.2704621778411,714.101050906599,715.0633864131738,719.369873046875,12131932.0
666,1662422400,724.9513613297232,715.2317380870402,721.2223114778902,716.6271362304688,12238696.0
667,1662508800,716.9399535633776,707.9421400567993,707.9421400567993,713.2349853515625,9776206.0
668,1662595200,721.7516160908172,713.1627836065959,716.9880436773584,720.5968017578125,11164690.0
669,1662681600,726.0821594471598,718.8887248344994,719.9231885431478,721.0780029296875,15128888.0
670,1662940800,723.676250465666,716.9399023895229,721.751579586768,718.6480712890625,11080492.0
671,1663027200,729.4022248737516,721.0539759192867,721.2223728893526,728.054931640625,13001966.0
672,1663113600,740.4690789237419,718.0706961615213,718.8887165967504,735.537109375,20219760.0
673,1663200000,741.4554391702014,727.5256559583752,736.1866756721654,731.7117919921875,13539372.0
674,1663286400,728.8247306434838,713.5717372328886,723.243196772468,718.2631225585938,20560046.0
675,1663545600,728.4880099183553,712.1283056005058,716.4588155669953,723.002685546875,12076038.0
676,1663632000,733.299669100902,726.5152154056927,728.4879914821296,731.7117919921875,10781668.0
677,1663718400,732.0968060364729,724.1575373545131,725.6010407512331,730.5811157226562,9072304.0
678,1663804800,726.6355334380704,713.4515245419652,722.7140042906975,715.0153198242188,12048144.0
679,1663891200,709.7224372346395,691.438062580459,708.4473309391279,695.8407592773438,15806252.0
680,1664150400,691.1733552416581,682.2958342078718,685.8324052401812,686.4579467773438,8923486.0
681,1664236800,692.881559633574,677.0030238919713,689.2246964827675,680.2990112304688,12639700.0
682,1664323200,678.735235635856,666.8504153685985,676.5218756703962,668.606689453125,11816132.0
683,1664409600,674.6933797809945,663.434101683277,671.8545371114053,665.1422119140625,14410388.0
684,1664496000,688.7675584504451,656.7939846693048,663.4341231736677,683.9077758789062,15781756.0
685,1664755200,682.22370896109,674.1641488370536,678.4224718418965,679.9862670898438,11541112.0
686,1664841600,701.5426186694823,686.2174367235855,687.8293370288237,699.1367797851562,11538526.0
687,1665014400,703.7559939592081,690.0908170525987,702.4808875755999,691.4381103515625,12549198.0
688,1665100800,690.4516331398249,683.4265958004532,688.1901682297433,688.454833984375,13297994.0
689,1665360000,686.1452011270152,672.7687143847188,677.4841817579505,680.8523559570312,13109302.0
690,1665446400,681.8147129301799,673.3701952846903,674.1641338324686,673.9476318359375,14521620.0
691,1665532800,680.7801425260418,672.3356842119671,675.1745267944143,678.3502807617188,9225050.0
692,1665619200,676.6422042083251,665.9362208884066,674.6213229862772,670.555419921875,14714234.0
693,1665705600,696.249732615966,680.9726565893199,681.8147001498437,692.400390625,12849920.0
694,1665964800,701.3500712981873,686.6263505116987,690.475692350587,696.033203125,18410500.0
695,1666051200,703.9004011362196,692.8816465377677,701.5667490045165,694.734130859375,10561108.0
696,1666137600,710.8773037655702,699.3292768206403,704.4296436407238,701.8554077148438,12967040.0
697,1666224000,699.0886207119449,694.084464472131,694.8062160816341,697.1158447265625,7898078.0
698,1666310400,701.3741545079234,689.9945259278926,698.6555450817992,692.2078857421875,10492606.0
699,1666569600,703.9484465267632,699.7623104281301,699.7623104281301,703.0101928710938,2167794.0
700,1666656000,706.2580899913314,695.2874411281454,703.0342306280569,698.1263427734375,13773394.0
701,1666828800,706.0414624275766,698.2946736608377,704.6701461335379,699.8103637695312,15937276.0
702,1666915200,705.8731104708331,696.4422340345699,697.6932584749202,701.87939453125,10474278.0
703,1667174400,720.7892989018973,705.9933903964011,708.2789372387135,720.1637573242188,12830528.0
704,1667260800,735.7055286941263,721.2223903997298,723.4357504196331,728.1271362304688,19073756.0
705,1667347200,735.34459771333,727.33314310533,729.931460645262,728.5841674804688,12720406.0
706,1667433600,731.4952057919731,720.3080566160722,720.6448505160986,725.3843994140625,10332352.0
707,1667520000,729.4984154442802,716.7474700445205,723.2913397099678,720.3803100585938,10818060.0
708,1667779200,727.5256752984809,717.9504248353214,726.5633397491442,725.9859619140625,9835834.0
709,1667952000,730.38854669658,723.6762802249166,728.9932072410344,725.7693481445312,9269790.0
710,1668038400,734.743211017239,719.3699237114974,720.3562824334263,733.6605834960938,12774182.0
711,1668124800,787.6715724866862,740.0359673088109,743.404141412297,775.2333984375,56722338.0
712,1668384000,783.3411456416203,768.906112245276,775.6424611635699,777.1100463867188,19195390.0
713,1668470400,781.0074169195871,772.3945027587589,781.0074169195871,779.0105590820312,11030202.0
714,1668556800,790.0774060630871,775.6423742836154,778.8421514086572,785.6987915039062,13578150.0
715,1668643200,785.0492832742325,776.5566605526772,778.5775416526076,778.6016235351562,12100930.0
716,1668729600,780.9352553866862,772.3945278555009,779.9729198902146,776.556640625,10459232.0
717,1668988800,775.6423807100551,765.1529007022125,773.549312831949,768.59326171875,8344816.0
718,1669075200,771.9614309133688,765.537853506441,769.8683630485893,767.4625244140625,8546314.0
719,1669161600,772.2742311837565,766.9813859856123,772.2742311837565,769.4594116210938,10185738.0
720,1669248000,785.2657749671398,769.4594259866601,772.731331473911,781.9697875976562,17197960.0
721,1669334400,785.1213945985398,776.6528539412901,784.1590590980275,778.3610229492188,8410496.0
722,1669593600,773.4530928760762,767.0054918764588,771.2638148082744,769.9887084960938,16105980.0
723,1669680000,775.8107945409757,766.4280236025191,768.5451734076865,768.8338623046875,12638236.0
724,1669766400,776.0754357204742,768.4729621678146,768.4729621678146,773.9342041015625,15184806.0
725,1669852800,787.6716568638566,777.0859656903655,780.454140154658,779.251220703125,20446366.0
726,1669939200,778.8180970128258,772.3464143644907,774.6800661706023,773.28466796875,7811078.0
727,1670198400,776.893425827618,768.0399276122688,774.6559840761946,776.0994873046875,11592622.0
728,1670284800,776.46034090485,769.8683665111166,770.349534240186,775.2333984375,12353092.0
729,1670371200,778.8181354914701,772.0095998448971,776.6769624240152,774.8966064453125,11674720.0
730,1670457600,782.378811277111,772.2742878842332,774.6801267872993,779.251220703125,14803634.0
731,1670544000,786.637118107019,779.4917884600618,782.3787950839879,784.8087158203125,11963384.0
732,1670803200,795.659046653405,780.1654672932444,781.8976595918489,790.9195556640625,14434808.0
733,1670889600,797.2949616133573,791.5209486143468,793.9267873639345,793.1088256835938,17031702.0
734,1670976000,801.3848400164733,793.9267403345427,795.3702434987874,799.821044921875,14227640.0
735,1671062400,803.2614512642567,782.8840088582007,797.3190413162754,785.1695556640625,18182648.0
736,1671148800,791.5690570624564,774.1989129626363,779.5158401167187,788.9467163085938,14647958.0
737,1671408000,792.3148652124158,782.4749497572581,791.0397589631783,791.400634765625,9604542.0
738,1671494400,787.3828952985053,779.5879427299554,779.5879427299554,785.9393920898438,7174698.0
739,1671580800,791.4247116571615,773.0200458484181,789.5962507751079,778.3369140625,9269198.0
740,1671667200,783.1005222357195,774.1989187571569,780.5503096365309,775.66650390625,9747096.0
741,1671753600,771.8652612871225,762.867389080973,763.6132225912555,768.7376708984375,10693152.0
742,1672012800,788.633871383158,765.0566537518127,769.6277469660531,784.0386962890625,9907322.0
743,1672099200,787.1663544691063,776.3641620124755,785.7469331059018,784.8327026367188,7926772.0
744,1672185600,785.7469276450677,780.9833552219441,780.9833552219441,784.2072143554688,8691870.0
745,1672272000,790.7991460730816,775.1611952076266,779.5398097026953,789.7406005859375,11012896.0
746,1672358400,791.5209337293505,779.4917402076278,791.5209337293505,783.4132690429688,7122640.0
747,1672617600,788.9948447926183,778.7941116415499,782.8599557722763,783.6779174804688,4381378.0
748,1672704000,790.5586422632767,780.5503292014555,780.5503292014555,788.8023681640625,8378030.0
749,1672790400,791.8818278494382,773.2365774595456,786.709274515468,774.7041625976562,10351600.0
750,1672876800,778.5535356487463,764.7680672572426,777.085950452134,769.7240600585938,10941436.0
751,1672963200,774.2470317456477,759.3789361975485,770.8307523930382,767.1738891601562,9092462.0
752,1673222400,775.4258965646997,765.0567082508069,767.9437146970364,768.6654663085938,10729340.0
753,1673308800,769.8684118966518,753.0275403864125,769.8684118966518,754.6154174804688,16371766.0
754,1673395200,768.9060251968651,750.6216516314828,754.4469115539331,765.48974609375,15195798.0
755,1673481600,771.7449055844786,762.2418432655777,763.9981171629116,769.5796508789062,9250070.0
756,1673568000,774.6320153125537,763.1320937043018,769.2669828560861,770.1812133789062,9244546.0
757,1673827200,780.1172653577423,760.3893883970367,777.0858851595061,762.7952270507812,14748094.0
758,1673913600,775.1612584159965,759.0421385172157,764.9605254372576,774.1508178710938,10786354.0
759,1674000000,789.884965083016,769.724024650822,772.274237215273,787.8159790039062,19090642.0
760,1674086400,793.9267921137573,785.7469403162216,787.6716113274065,791.087890625,11172162.0
761,1674172800,803.068980550622,790.7510978089086,791.0878917418223,799.195556640625,18843404.0
762,1674432000,809.6128416563689,799.4121088854909,801.7457607178152,805.041748046875,15444400.0
763,1674518400,819.139954334254,805.9559468005266,805.9800286815163,815.8198852539062,24983940.0
764,1674604800,814.5929177332151,791.6653214666925,813.8471429635326,793.2772216796875,14704142.0
765,1674777600,787.6716191971464,765.032652707376,785.2657804091282,777.4708862304688,35179948.0
766,1675036800,782.0419731157772,761.2073858984988,767.4625666928607,776.6769409179688,18512822.0
767,1675123200,780.7908875770869,767.4625643428925,779.3473843212695,771.552490234375,18596244.0
768,1675209600,801.1442809848427,772.7553845415359,781.4164037954262,783.1245727539062,17302790.0
769,1675296000,781.6569951120864,764.4552483744704,773.7658324138648,771.4802856445312,17497106.0
770,1675382400,798.9790945397306,773.236618443449,775.1612895534513,798.1611328125,14411100.0
771,1675641600,803.2614827057959,792.0983552594887,798.7384939446326,794.7688598632812,11167672.0
772,1675728000,801.0961617651983,785.5544206626682,798.449739262286,795.9476318359375,10264588.0
773,1675814400,802.6840603891873,793.9268303609384,795.9717934088378,795.8515014648438,8444826.0
774,1675900800,799.5324176572361,786.9739509076702,798.738479108453,794.1914672851562,11777336.0
775,1675987200,798.0167252205403,790.173667284601,793.3494214707791,797.3430786132812,8172116.0
776,1676246400,799.5805011250109,791.3044393965116,796.3326188427218,797.9445190429688,5736944.0
777,1676332800,807.1589664647599,797.7521126904261,801.1443690991507,805.3305053710938,10908592.0
778,1676419200,807.3995485525281,797.1747330538742,807.3995485525281,803.694580078125,11438712.0
779,1676505600,809.2760700053668,799.2196520403804,805.0898752375481,800.783447265625,8062500.0
780,1676592000,802.6599909509282,790.5345284538475,799.2196298038508,796.7656860351562,8956270.0
781,1676851200,803.2854781022144,786.6130625255412,798.7384663515395,789.2835083007812,8086706.0
782,1676937600,799.8692342574486,786.2281396647481,789.115146297544,792.2427368164062,12389296.0
783,1677024000,790.0533943514464,774.2230217496752,788.6339729282492,776.7009887695312,10359102.0
784,1677110400,778.9383950431011,766.0671578181314,776.1235754720026,771.4321899414062,27882010.0
785,1677196800,778.4812938723913,762.7470736219656,778.4812938723913,764.5514526367188,17061740.0
786,1677456000,769.3872600713753,758.9459430133319,763.0839740657053,766.4521484375,14312972.0
787,1677542400,772.4185946735463,764.431163219567,766.0190402522969,769.6759033203125,18993992.0
788,1677628800,776.1236104242643,767.8234664194171,775.6424426558673,768.93017578125,14137256.0
789,1677715200,772.7313372630384,761.2073929564784,766.981406050965,762.38623046875,17391814.0
790,1677801600,779.4917579688479,764.094389910204,767.943731924865,777.5189819335938,14986234.0
791,1678060800,788.8504134058667,778.5534709474247,779.4917245287281,783.0042724609375,27004710.0
792,1678233600,788.8744818253701,779.4917112272642,779.4917112272642,784.5680541992188,20099774.0
793,1678320000,791.9780672791738,782.859961535162,784.27938296168,784.6402587890625,20700166.0
794,1678406400,776.4844644274136,762.6508914747951,774.8965873418113,764.4071655273438,27387000.0
795,1678665600,771.6968190039678,753.0034059433883,764.0462404475056,754.7356567382812,26443550.0
796,1678752000,761.9772622068983,750.2849207392273,755.5536842804477,752.7147827148438,33185612.0
797,1678838400,761.6404136039248,739.3623241507462,759.2826799733518,741.9125366210938,37264754.0
798,1678924800,750.1886274704333,737.1730750713688,740.5171674402086,746.7242431640625,21753342.0
799,1679011200,759.8601097073861,740.9983568458301,749.4187927190782,756.70849609375,22950876.0
800,1679270400,754.5190873460873,743.5966036348024,754.446900441081,751.4636840820312,26503114.0
801,1679356800,761.4479317488242,748.7931969715295,756.371588709314,759.9803466796875,33050494.0
802,1679443200,763.156151684689,753.1719206327385,762.1697342790129,758.2241821289062,14177324.0
803,1679529600,765.225129615806,749.9240302046185,754.350750068819,752.1373901367188,28364178.0
804,1679616000,757.3099208232004,748.1917568712191,750.6216774626521,750.9344482421875,31477748.0
805,1679875200,759.9803728144399,750.092410877359,751.6802291971494,754.2063598632812,31872006.0
806,1679961600,761.6404357125624,752.5944586072359,753.3643152523856,760.3412475585938,39276302.0
807,1680048000,770.8307274292553,761.1592675027767,762.1697080199377,763.9981689453125,39763612.0
808,1680220800,776.0995465082568,766.2115838805704,767.7512972805655,774.463623046875,34711228.0
809,1680480000,777.422730170773,771.1916311425683,773.5012598964762,774.9447631835938,40025398.0
810,1680652800,796.813706420068,777.5669985355254,778.8180228007624,795.7310791015625,43365392.0
811,1680739200,803.1652006446278,792.5314049071793,793.2291334002176,801.7938842773438,44637344.0
812,1681084800,804.0313548734133,795.8515026694348,800.3023046039525,797.99267578125,31813286.0
813,1681171200,803.2614052965625,794.4560125065183,798.2572492502067,800.3262939453125,42361542.0
814,1681257600,812.3074229248433,802.4916471991853,802.5878572606912,810.7196044921875,26955504.0
815,1681344000,816.5657134519994,807.4716316772242,812.3554958466677,814.352294921875,35330086.0
816,1681689600,827.6085198214015,795.5146547856368,827.6085198214015,801.938232421875,32405148.0
817,1681776000,807.0385817236702,797.0062462186185,803.5501156527228,798.5459594726562,29637226.0
818,1681862400,803.6944976892919,797.3671301762054,801.1442851788886,801.4810791015625,24741168.0
819,1681948800,807.1348624191324,801.8179937357015,804.3681477069183,804.4644165039062,32922716.0
820,1682035200,806.8942212156402,800.3022466466929,803.0689611623811,805.7634887695312,20128618.0
821,1682294400,813.8712046366431,805.5229555378388,811.7300315452851,812.2833862304688,35675852.0
822,1682380800,812.0668172386956,799.6527240862603,812.0668172386956,800.7353515625,50353068.0
823,1682467200,805.9559119034689,796.3325577314871,798.7383962744825,804.4161987304688,27392750.0
824,1682553600,810.8879194015693,801.5532536644629,803.7906953628967,808.8429565429688,47790392.0
825,1682640000,813.6546588421882,803.5501361717647,810.6232785465422,812.0186767578125,27916272.0
826,1682985600,817.5040017864336,809.3241500911014,812.547950500037,811.8502807617188,32221184.0
827,1683072000,816.0605253605099,808.1934441893474,810.7435980893194,814.689208984375,29407270.0
828,1683158400,834.5613517390001,811.7780713087349,811.7780713087349,831.3616333007812,56854638.0
829,1683244800,799.1955750303342,780.5022191249311,788.6339660930405,782.2103881835938,62770416.0
830,1683504000,794.0951881063704,784.3034360962322,786.7092748572636,791.2562866210938,37244524.0
831,1683590400,796.8137633850524,789.0909977997552,793.878651970084,791.2803344726562,43688938.0
832,1683676800,796.1642571593527,785.7950682892969,791.2803925786036,794.937255859375,46340550.0
833,1683763200,812.2111527020498,793.5659026029952,801.2164814876731,795.4664916992188,35734618.0
834,1683849600,804.8974770572269,791.1601135942614,792.4833249747595,802.4916381835938,22478760.0
835,1684108800,808.7227604763904,801.1924728395238,804.5125423272495,806.3410034179688,18512260.0
836,1684195200,813.641207320555,800.1113205928083,813.641207320555,801.7174072265625,32722086.0
837,1684281600,803.0314612780545,791.0346460503185,803.0314612780545,797.4102172851562,30466868.0
838,1684368000,804.953835962047,798.1645938212387,802.0580796447568,800.5980224609375,49646942.0
839,1684454400,803.0315411923369,794.0522122684132,802.0581696272553,801.5228271484375,30460332.0
840,1684713600,804.4429348055172,794.6118464382748,800.5981052751066,798.6757202148438,28334032.0
841,1684800000,802.8367950174272,794.9768083346355,802.5447954516952,796.8018798828125,22470074.0
842,1684886400,795.6095118101778,785.3160965486113,792.1053982534182,786.3868408203125,33588112.0
843,1684972800,788.455225154943,777.407423655138,786.3380947431477,783.3693237304688,29776930.0
844,1685059200,787.944211421121,779.7922252930767,787.944211421121,786.3868408203125,26635066.0
845,1685318400,798.6512587386072,790.7912725552128,792.5676872978805,795.9744873046875,21816292.0
846,1685404800,799.4543434930372,792.5920864341458,795.0498137776772,796.5828857421875,37125928.0
847,1685491200,795.706836766176,780.9602943063138,793.249109394473,783.9777221679688,43334270.0
848,1685577600,788.3822359863269,778.6971779535536,788.3822359863269,780.6439208984375,50366938.0
849,1685664000,785.9001722239442,779.1838851154611,784.7564131844704,781.8606567382812,17859710.0
850,1685923200,786.7275086936293,779.889550195903,785.7541372012771,780.838623046875,18697242.0
851,1686009600,783.4909933701617,774.9253365920524,782.4203085516023,778.4051513671875,32182852.0
852,1686096000,784.8051144822347,776.7504417142903,780.3762267164857,782.4446411132812,24949026.0
853,1686182400,791.350960923385,780.278861070367,780.278861070367,782.9312744140625,37395522.0
854,1686268800,787.7008471820789,782.1039613355581,786.4354761770152,783.8560180664062,18212578.0
855,1686528000,786.3868338718737,778.4294745818307,784.8051052341397,779.0865478515625,13408292.0
856,1686614400,783.0773452649356,773.8789730190645,773.8789730190645,780.4005737304688,27926108.0
857,1686700800,784.5374180278894,778.7945024942541,783.7830313619872,779.5488891601562,20113968.0
858,1686787200,781.5929230405386,768.4767664026215,780.6439096325554,769.961181640625,35377476.0
859,1686873600,783.1746215295391,770.9101653895649,772.4432372595309,780.0355224609375,15779272.0
860,1687132800,785.6324943134937,777.8941787861185,784.0507655809437,780.7169799804688,24829146.0
861,1687219200,784.0507512165266,774.1467079853705,780.7169656771292,782.3473510742188,20005626.0
862,1687305600,796.8261756245972,784.050675786365,786.4841043269806,796.0231323242188,24308946.0
863,1687392000,806.7059888717916,797.7023024946114,798.1646301932708,799.9166870117188,56596140.0
864,1687478400,807.8497002925832,795.2688853504051,796.9722855006775,799.8680419921875,21339218.0
865,1687737600,803.396500995714,792.6650564551716,800.598057936059,795.9989013671875,16130314.0
866,1687824000,814.1766100290189,797.4589662553369,799.6003360457688,807.2169799804688,33831864.0
867,1687910400,817.5834334461853,808.1417176661517,812.7652324615918,815.7583618164062,59562950.0
868,1688083200,831.6485441511054,819.213700808567,829.3124290377532,828.0470581054688,40699016.0
869,1688342400,855.3501643562647,832.232592346636,833.4493066629323,837.0021362304688,44104116.0
870,1688428800,850.239924960872,834.0819833506376,838.7784528667394,841.0902099609375,38795188.0
871,1688515200,837.0994772709068,812.0595195781218,835.2744057361592,814.3712768554688,37165754.0
872,1688601600,821.4525082286525,808.0930085295972,814.2252369257229,815.1986083984375,52156544.0
873,1688688000,815.1986175265295,806.0976179186929,810.3317601084606,808.093017578125,19926336.0
874,1688947200,816.0502760464208,802.8854036365442,808.3849760030445,806.1705322265625,38398442.0
875,1689033600,815.6852604691176,800.8413461228718,809.3583461576029,802.2527465820312,50670426.0
876,1689120000,810.9644765133695,791.9107178120092,805.6352319869237,794.7334594726562,70958358.0
877,1689206400,806.65718944724,797.2155343981111,806.2921751723549,798.6998901367188,41913546.0
878,1689292800,804.7835035114284,795.7311609024043,804.7835035114284,800.3546752929688,24727214.0
879,1689552000,818.6053935606003,794.7577929158504,803.0314502823962,817.0966796875,49252928.0
880,1689638400,829.3125165913748,812.7652011194812,826.3924020963348,816.4153442382812,81076818.0
881,1689724800,821.8905505906512,815.1986216073076,818.1673927652148,820.1141357421875,32935134.0
882,1689811200,823.4722926593728,817.6320636334198,818.1917641303833,821.8905639648438,56210948.0
883,1689897600,822.4015567907909,814.3468843278255,817.6320129512904,815.5635986328125,42154248.0
884,1690156800,819.8951795624654,812.8138779724052,816.9020502488354,816.8533935546875,32179444.0
885,1690243200,826.879056170404,816.8533420034627,819.8951278192749,825.7109985351562,55992596.0
886,1690329600,827.1710534459679,821.5255108693627,827.1710534459679,822.8395385742188,24794358.0
887,1690416000,828.8257745170246,811.5240735457453,827.3170606790924,814.2982177734375,59741302.0
888,1690502400,812.2298721075693,798.6999842928814,808.6283856221597,799.8680419921875,41015684.0
889,1690761600,806.3409049738307,797.531846128994,803.0557764440342,803.6154174804688,34565006.0
890,1690848000,811.5240891764785,803.0314470309211,805.1971747453257,808.9933471679688,35394188.0
891,1690934400,803.7615635856482,794.8308914277848,799.1380486876382,798.4080200195312,28116322.0
892,1691020800,803.6884896703888,789.8909607409018,798.1646183703506,792.6407470703125,57673946.0
893,1691107200,806.1949453417267,792.9327586465489,795.8042164551875,804.1021728515625,37388304.0
894,1691366400,809.4070457041624,801.8391180613743,809.4070457041624,803.6398315429688,28300918.0
895,1691452800,805.7569341954113,799.1623777784342,803.8588478451442,802.9828491210938,43773828.0
896,1691539200,805.221523152016,793.8330654303563,804.4914945725491,803.2747802734375,33361236.0
897,1691625600,805.099865704745,793.7844225264857,801.5957522263969,796.1448364257812,50781118.0
898,1691712000,797.385890968424,786.5814324003055,797.385890968424,787.8468627929688,28225822.0
899,1691971200,785.9975360499187,778.8189207825898,784.0507929265752,784.0021362304688,31304410.0
900,1692144000,783.3937010320665,769.5961724006356,770.4721710730195,781.714599609375,34137542.0
901,1692230400,783.5153458133944,775.7770310495571,777.529087744607,777.3831176757812,52884040.0
902,1692316800,776.8964420218484,771.6402124587459,772.6379419530916,774.1953125,25633366.0
903,1692576000,778.9405181779168,772.3702607612333,778.9405181779168,773.5869750976562,21837270.0
904,1692662400,777.7237811054864,768.963438139342,776.9207377849476,770.2774658203125,32273570.0
905,1692748800,774.0980425006611,765.6783552717781,768.9634840803492,772.1755981445312,36498588.0
906,1692835200,776.8476824149117,767.0896698783494,775.4363414276388,768.6227416992188,43145792.0
907,1692921600,767.746749618975,758.4510639302869,766.3110504597091,759.9597778320312,30069756.0
908,1693180800,770.2531801549441,759.9597651143588,759.9597651143588,767.868408203125,28867238.0
909,1693267200,775.1200790359981,769.6691629379135,773.6843204138314,773.9763793945312,35538932.0
910,1693353600,780.6195643753474,765.8973208258516,780.6195643753474,768.3307495117188,28084204.0
911,1693440000,770.4965046276685,760.7384322394234,768.4767470204652,764.80224609375,100075772.0
912,1693526400,768.4767445078436,758.9133583196115,764.5832587851945,766.3839721679688,43226776.0
913,1693785600,774.5360015777221,766.4813881806992,773.8303310146484,771.1779174804688,25073638.0
914,1693872000,773.0517033297151,764.3886726986182,773.0517033297151,766.4814453125,38712082.0
915,1693958400,778.6971658570981,766.4813659496907,767.4060807161218,776.507080078125,56320910.0
916,1694044800,785.510794150052,772.4432937501639,776.5071078478363,783.9777221679688,34208342.0
917,1694131200,794.7091467964383,782.3959739643648,782.7366896240351,790.0856323242188,34502210.0
918,1694390400,796.4612273788786,790.3776555229446,792.762427572447,794.173828125,31573022.0
919,1694476800,799.576059429664,790.888730360441,798.164658821722,796.6559448242188,39033340.0
920,1694563200,803.8101394610018,792.6163676755281,793.9304547919241,800.0626831054688,46420094.0
921,1694649600,803.0314455319658,795.7798163539742,800.2330026157181,799.5759887695312,23538848.0
922,1694736000,812.7652185519548,803.0315033597159,803.0315033597159,808.7500610351562,173411202.0
923,1694995200,805.4649207376626,791.3996906023217,804.8565635467733,792.83544921875,37056288.0
924,1695168000,778.2104866731253,759.4244292708094,778.2104866731253,761.0304565429688,115474648.0
925,1695254400,763.5855718328563,748.0603441770149,755.8229580049356,755.9932861328125,72841442.0
926,1695340800,761.3711919566923,741.5874045249608,758.7430770496563,744.4588623046875,61704250.0
927,1695600000,749.8366724935371,742.195730377536,742.195730377536,745.1158447265625,40208754.0
928,1695686400,749.4960555884529,742.1957693327212,742.1957693327212,748.3523559570312,27575308.0
929,1695772800,745.8459167585748,737.3289160778081,741.2224021033014,743.0961303710938,39338538.0
930,1695859200,748.3279930851168,738.9592924506106,746.5759362770035,741.5630493164062,55354188.0
931,1695945600,747.2815569377753,740.8816873168103,741.5629997895483,742.8284301757812,32053782.0
932,1696291200,743.1691434056778,732.9487426122795,743.1691434056778,733.9464721679688,38971694.0
933,1696377600,747.0626308751249,724.7967576747751,727.5952007546005,744.4102172851562,54649430.0
934,1696464000,755.1172706279191,745.8945403681716,747.0869560565192,747.4276123046875,48512674.0
935,1696550400,751.9294658332841,744.5561650144963,751.4427800948807,746.6002807617188,17759356.0
936,1696809600,744.6291848078113,735.8688414571311,743.6558133244023,737.937255859375,16454972.0
937,1696896000,744.142438208933,737.4261517587281,740.0299677918072,742.1226806640625,33266292.0
938,1696982400,750.5424640657517,743.8991914942775,744.6778768359782,749.3013916015625,31333360.0
939,1697068800,755.3362421435227,745.4078415117224,747.5979272653602,754.2898559570312,22025336.0
940,1697155200,753.7788848660191,744.6048112974557,749.4960266639874,747.4276123046875,39745300.0
941,1697414400,746.794923276397,740.0056808464606,745.3592240817852,744.4345092773438,17856084.0
942,1697500800,757.1613181665532,747.0625893528261,757.1613181665532,750.0800170898438,32902558.0
943,1697587200,750.0800718553149,738.8376426467095,750.0800718553149,739.6406860351562,31216200.0
944,1697673600,742.8040767694536,731.5859472105568,732.6566914356105,737.3045043945312,30252364.0
945,1697760000,743.1691173582408,732.46203118805,732.46203118805,741.1250610351562,21094010.0
946,1698019200,744.0208260452915,730.0772676931944,741.4657259067877,732.9730834960938,22376136.0
947,1698192000,741.1250537819102,725.8674086108082,740.2489957035165,728.3251953125,28311996.0
948,1698278400,726.1350808000519,710.6828094760561,725.7700665168079,712.2158813476562,55561798.0
949,1698364800,719.3215000369331,713.9193003827721,715.1846713831347,715.0143432617188,31940532.0
950,1698624000,725.1374527205985,711.485952264384,712.1429661841146,722.7770385742188,23310982.0
951,1698710400,731.9753494856925,717.3747773549939,731.9753494856925,718.5914916992188,32634824.0
952,1698796800,719.053802155173,711.6562028835086,711.6562028835086,717.6181030273438,33877466.0
953,1698883200,725.4051249981815,714.041024388573,722.7283533192214,718.7131958007812,45225154.0
954,1698969600,725.84315305655,721.0979669049797,724.188409593513,722.1199951171875,18095340.0
955,1699228800,729.0552678342725,721.7549814407384,729.0552678342725,727.3518676757812,25593730.0
956,1699315200,727.1084316790375,718.9320882014275,727.1084316790375,723.8233032226562,41952848.0
957,1699401600,726.8407930714139,720.7815793854345,722.2172785513859,725.9161376953125,31399546.0
958,1699488000,726.4271811664283,721.9983524636938,723.2150669100431,723.0447387695312,22116740.0
959,1699574400,728.081931727707,720.3193172489762,720.3436158922068,725.891845703125,14015186.0
960,1699833600,728.0575756559493,723.1664191670033,726.1838472673516,724.5778198242188,20605914.0
961,1700006400,735.3577386164206,730.2962548370274,732.0239534354185,732.1699829101562,41245460.0
962,1700092800,739.2756221207742,731.8536647558356,734.7494210785321,734.0924072265625,29713838.0
963,1700179200,733.6787387876133,724.6750527726409,725.16173850318,732.5106811523438,23701874.0
964,1700438400,736.3554985735485,730.7829708116128,736.3554985735485,732.559326171875,19331452.0
965,1700524800,740.7357495903111,735.917548535572,739.2756922652317,738.7646484375,24959972.0
966,1700611200,739.7623819588872,731.7564246812467,739.7623819588872,736.1365966796875,29123650.0
967,1700697600,741.6360936254299,734.1654789893513,734.1654789893513,740.3950805664062,13046220.0
968,1700784000,746.1622278549652,739.6892839772345,740.3462978210936,745.6511840820312,16469192.0
969,1701129600,748.1576534487249,742.5851254924052,747.1599239182611,743.97216796875,28489338.0
970,1701216000,760.6897681490088,746.0891967833849,746.5272258063289,758.8160400390625,34042488.0
971,1701302400,765.2889647471237,750.542422535641,763.6829374580863,758.645751953125,69491440.0
972,1701388800,762.028213465217,755.3849410922298,758.2077422076743,756.9910278320312,22153536.0
973,1701648000,784.5374047202694,765.873018667368,772.8569470817542,783.2720336914062,50662456.0
974,1701734400,797.6778825457567,786.7274540178253,796.4611682648754,790.2315673828125,52230820.0
975,1701820800,797.4102062498663,786.8004930390686,797.4102062498663,792.22705078125,38613060.0
976,1701907200,795.2444817359088,786.5814519897668,790.86431017188,793.5167236328125,20450386.0
977,1701993600,805.4648642096952,793.5167060552014,793.5167060552014,804.5888061523438,33728038.0
978,1702252800,809.6990123500813,801.5713845523902,803.0557997692163,803.5181274414062,23187620.0
979,1702339200,806.0732571804058,794.1981132379304,805.0755276490755,795.5364990234375,36581476.0
980,1702425600,796.2178641804811,786.0461204150259,794.4901060535459,793.7357788085938,29346914.0
981,1702512000,807.3872910879392,800.5980487244109,801.0847344683164,803.1044921875,35172366.0
982,1702598400,811.7917659079744,801.3766798111126,803.0314231104064,806.21923828125,138837130.0
983,1702857600,810.1857135762941,803.4937847672423,808.2389706500245,805.8055419921875,18014754.0
984,1702944000,807.2413140972394,800.135714179051,803.0314705665357,804.44287109375,24008446.0
985,1703030400,812.2541029714071,800.3303029144753,806.9249181384845,806.438232421875,34232520.0
986,1703116800,822.3772375517154,803.1531506256655,806.4382794041677,820.892822265625,36589240.0
987,1703203200,820.5035385294108,811.3538224343752,819.3841375121868,813.1788940429688,48578850.0
988,1703548800,820.5278019503709,812.059517577905,814.3469167985355,818.8244018554688,18045856.0
989,1703635200,830.5291722811746,816.9506289566883,818.3620294115412,828.9718017578125,27009078.0
990,1703721600,837.7808237889657,828.3391087868577,831.8919383640549,829.9208374023438,44076470.0
991,1703808000,834.6174011041943,825.4190285852712,825.9057143332578,831.8676147460938,25011426.0
